__run_id,__done,fib_type,problem_size,energy,runtime,memory
run_0_repetition_0,DONE,iter,5000,0.0,0.83801115,20784185344
run_1_repetition_0,DONE,iter,10000,0.0,5.3404145,20918239232
run_2_repetition_0,DONE,mem,5000,0.0,0.22358966,20873052160
run_3_repetition_0,DONE,mem,10000,0.0,0.42308402,20889288704
run_4_repetition_0,DONE,rec,35,0.0,2.2734978,20878295040
run_5_repetition_0,DONE,rec,40,0.0,23.3638,20876247040
run_0_repetition_1,DONE,iter,5000,0.0,0.8313763,20941324288
run_1_repetition_1,DONE,iter,10000,0.0,5.344822,20944502784
run_2_repetition_1,DONE,mem,5000,0.0,0.23204346,20932968448
run_3_repetition_1,DONE,mem,10000,0.0,0.42807996,20974780416
run_4_repetition_1,DONE,rec,35,0.0,2.266352,20917469184
run_5_repetition_1,DONE,rec,40,0.0,23.375319,20901953536
run_0_repetition_2,DONE,iter,5000,0.0,0.83401686,20946370560
run_1_repetition_2,DONE,iter,10000,0.0,5.3496604,20953808896
run_2_repetition_2,DONE,mem,5000,0.0,0.22281496,20936605696
run_3_repetition_2,DONE,mem,10000,0.0,0.42832687,20964311040
run_4_repetition_2,DONE,rec,35,0.0,2.2708693,20979073024
run_5_repetition_2,DONE,rec,40,0.0,23.37332,20973961216
run_0_repetition_3,DONE,iter,5000,0.0,0.82537276,20944289792
run_1_repetition_3,DONE,iter,10000,0.0,5.3466787,20921712640
run_2_repetition_3,DONE,mem,5000,0.0,0.23094633,20917780480
run_3_repetition_3,DONE,mem,10000,0.0,0.4272884,20827308032
run_4_repetition_3,DONE,rec,35,0.0,2.2706292,20926676992
run_5_repetition_3,DONE,rec,40,0.0,23.45763,20963213312
run_0_repetition_4,DONE,iter,5000,0.0,0.85387033,20979957760
run_1_repetition_4,DONE,iter,10000,0.0,5.2696548,20984528896
run_2_repetition_4,DONE,mem,5000,0.0,0.21902122,20985266176
run_3_repetition_4,DONE,mem,10000,0.0,0.22926909,20998275072
run_4_repetition_4,DONE,rec,35,0.0,2.3200808,20983889920
run_5_repetition_4,DONE,rec,40,0.0,23.305843,20957282304
run_0_repetition_5,DONE,iter,5000,0.0,0.852603,20993703936
run_1_repetition_5,DONE,iter,10000,0.0,5.2838187,20998914048
run_2_repetition_5,DONE,mem,5000,0.0,0.23305945,20963082240
run_3_repetition_5,DONE,mem,10000,0.0,0.22286704,20978302976
run_4_repetition_5,DONE,rec,35,0.0,2.3233085,20983463936
run_5_repetition_5,DONE,rec,40,0.0,23.657494,20976500736
run_0_repetition_6,DONE,iter,5000,0.0,0.8367612,21060632576
run_1_repetition_6,DONE,iter,10000,0.0,5.326071,21146697728
run_2_repetition_6,DONE,mem,5000,0.0,0.21848036,21230256128
run_3_repetition_6,DONE,mem,10000,0.0,0.4272207,21268774912
run_4_repetition_6,DONE,rec,35,3.4908876419067383,2.266083,20433207296
run_5_repetition_6,DONE,rec,40,-2.296489715576172,23.145323,21027962880
run_0_repetition_7,DONE,iter,5000,-5.376925468444826,0.8385046,21073231872
run_1_repetition_7,DONE,iter,10000,0.9402503967285156,5.3400507,21086158848
run_2_repetition_7,DONE,mem,5000,0.0,0.23457566,20856963072
run_3_repetition_7,DONE,mem,10000,0.0,0.4255379,21091909632
run_4_repetition_7,DONE,rec,35,0.9236450195312518,2.2657638,21094612992
run_5_repetition_7,DONE,rec,40,-3.146310806274416,23.17049,21076426752
run_0_repetition_8,DONE,iter,5000,-4.686366081237793,0.83744293,21076688896
run_1_repetition_8,DONE,iter,10000,1.0088691711425781,5.338598,21065220096
run_2_repetition_8,DONE,mem,5000,-5.49678421020508,0.21679442,20928282624
run_3_repetition_8,DONE,mem,10000,0.0,0.4252203,21172649984
run_4_repetition_8,DONE,rec,35,1.5352458953857422,2.2652848,21169094656
run_5_repetition_8,DONE,rec,40,1.6294164657592756,23.170368,21109538816
run_0_repetition_9,DONE,iter,5000,-1.298262596130371,0.8384097,21109997568
run_1_repetition_9,DONE,iter,10000,3.103136062622072,5.3448796,21079572480
run_2_repetition_9,DONE,mem,5000,0.0,0.2264963,21090926592
run_3_repetition_9,DONE,mem,10000,-0.8660378456115723,0.43214506,20992704512
run_4_repetition_9,DONE,rec,35,6.596898078918457,2.2686224,21066153984
run_5_repetition_9,DONE,rec,40,3.491114616394043,23.372456,21057683456
