Delta,Time,CPU_FREQUENCY_0,CPU_FREQUENCY_1,CPU_FREQUENCY_10,CPU_FREQUENCY_11,CPU_FREQUENCY_2,CPU_FREQUENCY_3,CPU_FREQUENCY_4,CPU_FREQUENCY_5,CPU_FREQUENCY_6,CPU_FREQUENCY_7,CPU_FREQUENCY_8,CPU_FREQUENCY_9,CPU_TEMP_0,CPU_TEMP_1,CPU_TEMP_2,CPU_TEMP_3,CPU_TEMP_4,CPU_TEMP_5,CPU_TEMP_6,CPU_TEMP_7,CPU_USAGE_0,CPU_USAGE_1,CPU_USAGE_10,CPU_USAGE_11,CPU_USAGE_2,CPU_USAGE_3,CPU_USAGE_4,CPU_USAGE_5,CPU_USAGE_6,CPU_USAGE_7,CPU_USAGE_8,CPU_USAGE_9,SYSTEM_POWER (Watts),TOTAL_MEMORY,TOTAL_SWAP,USED_MEMORY,USED_SWAP
0,1760276085497,3504,3504,3504,3504,3504,3504,3504,3504,3504,3504,3504,3504,6.699999809265137,6.699999809265137,4.632999897003174,4.632999897003174,6.699999809265137,4.632999897003174,4.632999897003174,6.699999809265137,33.333335876464844,66.66667175292969,0,0,50,66.66667175292969,0,0,0,0,0,0,2.1005542278289795,34359738368,2147483648,13652525056,334757888
209,1760276085498,3504,3504,3504,3504,3504,3504,3504,3504,3504,3504,3504,3504,6.699999809265137,6.699999809265137,4.632999897003174,4.632999897003174,6.699999809265137,4.632999897003174,4.632999897003174,6.699999809265137,100,0,0,0,100,NaN,0,0,0,NaN,0,NaN,2.1005542278289795,34359738368,2147483648,13653475328,334757888
209,1760276085707,3504,3504,3504,3504,3504,3504,3504,3504,3504,3504,3504,3504,6.699999809265137,6.699999809265137,4.632999897003174,4.632999897003174,6.699999809265137,4.632999897003174,4.632999897003174,6.699999809265137,71.42857360839844,73.68421173095703,61.904762268066406,55,55,50,57.142860412597656,55,57.142860412597656,54.54545593261719,85.71428680419922,57.142860412597656,2.3172247409820557,34359738368,2147483648,13847789568,334757888
209,1760276085917,3504,3504,3504,3504,3504,3504,3504,3504,3504,3504,3504,3504,6.699999809265137,6.699999809265137,4.632999897003174,4.632999897003174,6.699999809265137,4.632999897003174,4.632999897003174,6.699999809265137,90.47618865966797,77.2727279663086,85.71428680419922,80.95238494873047,68.18181610107422,71.42857360839844,76.19047546386719,72.7272720336914,71.42857360839844,66.66667175292969,90.90909576416016,90.47618865966797,2.3172247409820557,34359738368,2147483648,13784236032,334757888
209,1760276086127,3504,3504,3504,3504,3504,3504,3504,3504,3504,3504,3504,3504,6.699999809265137,6.699999809265137,4.632999897003174,4.632999897003174,6.699999809265137,4.632999897003174,4.632999897003174,6.699999809265137,76.19047546386719,75,80.95238494873047,80.95238494873047,70,75,75,80,66.66667175292969,66.66667175292969,85,85,2.3172247409820557,34359738368,2147483648,13671202816,334757888
203,1760276086337,3504,3504,3504,3504,3504,3504,3504,3504,3504,3504,3504,3504,6.699999809265137,6.699999809265137,4.632999897003174,4.632999897003174,6.699999809265137,4.632999897003174,4.632999897003174,6.699999809265137,85.71428680419922,72.7272720336914,76.19047546386719,76.19047546386719,80.95238494873047,76.19047546386719,90.47618865966797,90.47618865966797,86.36363983154297,85,80,80.95238494873047,2.3172247409820557,34359738368,2147483648,13827194880,334757888
209,1760276086541,3504,3504,3504,3504,3504,3504,3504,3504,3504,3504,3504,3504,6.699999809265137,6.699999809265137,4.632999897003174,4.632999897003174,6.699999809265137,4.632999897003174,4.632999897003174,6.699999809265137,65,60.000003814697266,75,70,70,60.000003814697266,85,84.21052551269531,75,70,75,71.42857360839844,2.3172247409820557,34359738368,2147483648,13691125760,334757888
209,1760276086750,3504,3504,3504,3504,3504,3504,3504,3504,3504,3504,3504,3504,6.699999809265137,6.699999809265137,4.632999897003174,4.632999897003174,6.699999809265137,4.632999897003174,4.632999897003174,6.699999809265137,95,76.19047546386719,81.81818389892578,81.81818389892578,80.95238494873047,76.19047546386719,90.47618865966797,90.90909576416016,85.71428680419922,81.81818389892578,77.2727279663086,80.95238494873047,4.817197799682617,34359738368,2147483648,13691125760,334757888
208,1760276086961,3504,3504,3504,3504,3504,3504,3504,3504,3504,3504,3504,3504,6.699999809265137,6.699999809265137,4.632999897003174,4.632999897003174,6.699999809265137,4.632999897003174,4.632999897003174,6.699999809265137,81.81818389892578,75,70,71.42857360839844,63.6363639831543,60.000003814697266,90.47618865966797,90.47618865966797,80,80.95238494873047,80.95238494873047,80,4.817197799682617,34359738368,2147483648,13691125760,334757888
209,1760276087169,3504,3504,3504,3504,3504,3504,3504,3504,3504,3504,3504,3504,63.73948287963867,61.08689880371094,56.408348083496094,56.62333679199219,60.30229187011719,54.772850036621094,55.30183029174805,61.83546829223633,80.95238494873047,81.81818389892578,72.7272720336914,71.42857360839844,78.94737243652344,68.18181610107422,85.71428680419922,85.71428680419922,80,80,71.42857360839844,76.19047546386719,4.817197799682617,34359738368,2147483648,13681459200,334757888
200,1760276087379,3504,3504,3504,3504,3504,3504,3504,3504,3504,3504,3504,3504,63.73948287963867,61.08689880371094,56.408348083496094,56.62333679199219,60.30229187011719,54.772850036621094,55.30183029174805,61.83546829223633,80.95238494873047,90,80,75,77.2727279663086,90.47618865966797,95,90.47618865966797,82.60869598388672,86.36363983154297,80.95238494873047,77.2727279663086,4.817197799682617,34359738368,2147483648,13830619136,334757888
209,1760276087580,3504,3504,3504,3504,3504,3504,3504,3504,3504,3504,3504,3504,63.73948287963867,61.08689880371094,56.408348083496094,56.62333679199219,60.30229187011719,54.772850036621094,55.30183029174805,61.83546829223633,68.42105102539063,70,65,65,70,70,85,84.21052551269531,78.94737243652344,73.68421173095703,73.68421173095703,73.68421173095703,4.817197799682617,34359738368,2147483648,13675577344,334757888
209,1760276087790,3504,3504,3504,3504,3504,3504,3504,3504,3504,3504,3504,3504,63.73948287963867,61.08689880371094,56.408348083496094,56.62333679199219,60.30229187011719,54.772850036621094,55.30183029174805,61.83546829223633,80.95238494873047,76.19047546386719,76.19047546386719,76.19047546386719,80.95238494873047,71.42857360839844,95.23809814453125,95,90,80.95238494873047,80.95238494873047,81.81818389892578,40.29879379272461,34359738368,2147483648,13835730944,334757888
205,1760276088000,3504,3504,3504,3504,3504,3504,3504,3504,3504,3504,3504,3504,63.73948287963867,61.08689880371094,56.408348083496094,56.62333679199219,60.30229187011719,54.772850036621094,55.30183029174805,61.83546829223633,85.71428680419922,75,81.81818389892578,76.19047546386719,65,66.66667175292969,76.19047546386719,72.7272720336914,72.7272720336914,72.7272720336914,81.81818389892578,85,40.29879379272461,34359738368,2147483648,13769523200,334757888
209,1760276088205,3504,3504,3504,3504,3504,3504,3504,3504,3504,3504,3504,3504,64.38528442382813,61.887752532958984,57.2902717590332,57.448280334472656,61.40519714355469,55.85934066772461,56.30382537841797,62.750465393066406,78.94737243652344,75,85,80.95238494873047,70,60.000003814697266,75,75,76.19047546386719,75,94.73684692382813,90,40.29879379272461,34359738368,2147483648,13849788416,334757888
203,1760276088415,3504,3504,3504,3504,3504,3504,3504,3504,3504,3504,3504,3504,64.38528442382813,61.887752532958984,57.2902717590332,57.448280334472656,61.40519714355469,55.85934066772461,56.30382537841797,62.750465393066406,86.36363983154297,72.7272720336914,85.71428680419922,85.71428680419922,72.7272720336914,80.95238494873047,80.95238494873047,80.95238494873047,71.42857360839844,71.42857360839844,90.90909576416016,86.36363983154297,40.29879379272461,34359738368,2147483648,13805486080,334757888
209,1760276088619,3504,3504,3504,3504,3504,3504,3504,3504,3504,3504,3504,3504,64.38528442382813,61.887752532958984,57.2902717590332,57.448280334472656,61.40519714355469,55.85934066772461,56.30382537841797,62.750465393066406,76.19047546386719,75,80,75,70,65,71.42857360839844,75,68.42105102539063,70,89.47368621826172,85,40.244869232177734,34359738368,2147483648,13675675648,334757888
203,1760276088829,3504,3504,3504,3504,3504,3504,3504,3504,3504,3504,3504,3504,64.38528442382813,61.887752532958984,57.2902717590332,57.448280334472656,61.40519714355469,55.85934066772461,56.30382537841797,62.750465393066406,85,80.95238494873047,80.95238494873047,85,66.66667175292969,66.66667175292969,85,77.2727279663086,77.2727279663086,76.19047546386719,86.36363983154297,95.23809814453125,40.244869232177734,34359738368,2147483648,13831094272,334757888
203,1760276089033,3504,3504,3504,3504,3504,3504,3504,3504,3504,3504,3504,3504,64.38528442382813,61.887752532958984,57.2902717590332,57.448280334472656,61.40519714355469,55.85934066772461,56.30382537841797,62.750465393066406,80.95238494873047,66.66667175292969,80,80,65,68.42105102539063,71.42857360839844,70,70,65,94.73684692382813,89.47368621826172,40.244869232177734,34359738368,2147483648,13700857856,334757888
209,1760276089238,3504,3504,3504,3504,3504,3504,3504,3504,3504,3504,3504,3504,64.5071029663086,61.909828186035156,57.5078125,57.74113845825195,61.33753967285156,56.122432708740234,56.794227600097656,63.167999267578125,84.21052551269531,80,85,85.71428680419922,75,66.66667175292969,85,75,75,76.19047546386719,90.47618865966797,90.47618865966797,40.244869232177734,34359738368,2147483648,13849690112,334757888
209,1760276089448,3504,3504,3504,3504,3504,3504,3504,3504,3504,3504,3504,3504,64.5071029663086,61.909828186035156,57.5078125,57.74113845825195,61.33753967285156,56.122432708740234,56.794227600097656,63.167999267578125,81.81818389892578,76.19047546386719,76.19047546386719,77.2727279663086,68.18181610107422,63.6363639831543,77.2727279663086,72.7272720336914,66.66667175292969,66.66667175292969,85.71428680419922,85.71428680419922,40.244869232177734,34359738368,2147483648,13743685632,334757888
209,1760276089658,3504,3504,3504,3504,3504,3504,3504,3504,3504,3504,3504,3504,64.5071029663086,61.909828186035156,57.5078125,57.74113845825195,61.33753967285156,56.122432708740234,56.794227600097656,63.167999267578125,75,80,76.19047546386719,75,75,70,80.95238494873047,80,80.95238494873047,75,85.71428680419922,80.95238494873047,40.7520751953125,34359738368,2147483648,13846839296,334757888
208,1760276089868,3504,3504,3504,3504,3504,3504,3504,3504,3504,3504,3504,3504,64.5071029663086,61.909828186035156,57.5078125,57.74113845825195,61.33753967285156,56.122432708740234,56.794227600097656,63.167999267578125,86.36363983154297,71.42857360839844,76.19047546386719,77.2727279663086,76.19047546386719,71.42857360839844,90.47618865966797,90.47618865966797,90,80.95238494873047,76.19047546386719,75,40.7520751953125,34359738368,2147483648,13801095168,334757888
209,1760276090077,3504,3504,3504,3504,3504,3504,3504,3504,3504,3504,3504,3504,64.5071029663086,61.909828186035156,57.5078125,57.74113845825195,61.33753967285156,56.122432708740234,56.794227600097656,63.167999267578125,75,66.66667175292969,72.7272720336914,66.66667175292969,80,61.904762268066406,85,85.71428680419922,86.36363983154297,76.19047546386719,76.19047546386719,76.19047546386719,40.7520751953125,34359738368,2147483648,13684228096,334757888
209,1760276090287,3504,3504,3504,3504,3504,3504,3504,3504,3504,3504,3504,3504,65.9656982421875,63.611045837402344,58.96173095703125,59.109352111816406,63.03282165527344,57.5560417175293,57.979583740234375,64.45918273925781,90,77.2727279663086,84.21052551269531,75,68.18181610107422,66.66667175292969,90.47618865966797,90,85.71428680419922,81.81818389892578,85,80.95238494873047,40.7520751953125,34359738368,2147483648,13841973248,334757888
199,1760276090497,3504,3504,3504,3504,3504,3504,3504,3504,3504,3504,3504,3504,65.9656982421875,63.611045837402344,58.96173095703125,59.109352111816406,63.03282165527344,57.5560417175293,57.979583740234375,64.45918273925781,77.2727279663086,75,68.18181610107422,71.42857360839844,75,61.904762268066406,86.36363983154297,85.71428680419922,80,80,81.81818389892578,77.2727279663086,40.7520751953125,34359738368,2147483648,13761789952,334757888
209,1760276090697,3504,3504,3504,3504,3504,3504,3504,3504,3504,3504,3504,3504,65.9656982421875,63.611045837402344,58.96173095703125,59.109352111816406,63.03282165527344,57.5560417175293,57.979583740234375,64.45918273925781,78.94737243652344,80,75,75,70,73.68421173095703,94.44444274902344,89.47368621826172,85,80.95238494873047,75,78.94737243652344,40.08937072753906,34359738368,2147483648,13843283968,334757888
200,1760276090907,3504,3504,3504,3504,3504,3504,3504,3504,3504,3504,3504,3504,65.9656982421875,63.611045837402344,58.96173095703125,59.109352111816406,63.03282165527344,57.5560417175293,57.979583740234375,64.45918273925781,76.19047546386719,75,80.95238494873047,70,76.19047546386719,80.95238494873047,90.90909576416016,85.71428680419922,80.95238494873047,80,76.19047546386719,72.7272720336914,40.08937072753906,34359738368,2147483648,13791903744,334757888
200,1760276091108,3504,3504,3504,3504,3504,3504,3504,3504,3504,3504,3504,3504,65.9656982421875,63.611045837402344,58.96173095703125,59.109352111816406,63.03282165527344,57.5560417175293,57.979583740234375,64.45918273925781,66.66667175292969,85,75,71.42857360839844,60.000003814697266,70,89.47368621826172,90.47618865966797,80,80.95238494873047,70,73.68421173095703,40.08937072753906,34359738368,2147483648,13739065344,334757888
209,1760276091308,3504,3504,3504,3504,3504,3504,3504,3504,3504,3504,3504,3504,67.64378356933594,65.33403015136719,60.429325103759766,60.53825759887695,64.34759521484375,58.778099060058594,59.26714324951172,66.06969451904297,84.21052551269531,80,73.68421173095703,71.42857360839844,70,71.42857360839844,90,84.21052551269531,75,73.68421173095703,75,78.94737243652344,40.08937072753906,34359738368,2147483648,13780156416,334757888
209,1760276091518,3504,3504,3504,3504,3504,3504,3504,3504,3504,3504,3504,3504,67.64378356933594,65.33403015136719,60.429325103759766,60.53825759887695,64.34759521484375,58.778099060058594,59.26714324951172,66.06969451904297,86.36363983154297,75,80.95238494873047,80.95238494873047,71.42857360839844,70,80.95238494873047,72.7272720336914,71.42857360839844,71.42857360839844,90,86.9565200805664,40.08937072753906,34359738368,2147483648,13686145024,334757888
207,1760276091728,3504,3504,3504,3504,3504,3504,3504,3504,3504,3504,3504,3504,67.64378356933594,65.33403015136719,60.429325103759766,60.53825759887695,64.34759521484375,58.778099060058594,59.26714324951172,66.06969451904297,70,76.19047546386719,81.81818389892578,80,76.19047546386719,76.19047546386719,80.95238494873047,80,76.19047546386719,77.2727279663086,90.47618865966797,90,41.126888275146484,34359738368,2147483648,13824114688,334757888
200,1760276091936,3504,3504,3504,3504,3504,3504,3504,3504,3504,3504,3504,3504,67.64378356933594,65.33403015136719,60.429325103759766,60.53825759887695,64.34759521484375,58.778099060058594,59.26714324951172,66.06969451904297,71.42857360839844,72.7272720336914,80.95238494873047,75,66.66667175292969,71.42857360839844,71.42857360839844,71.42857360839844,66.66667175292969,65,85.71428680419922,90,41.126888275146484,34359738368,2147483648,13695647744,334757888
209,1760276092137,3504,3504,3504,3504,3504,3504,3504,3504,3504,3504,3504,3504,67.64378356933594,65.33403015136719,60.429325103759766,60.53825759887695,64.34759521484375,58.70426940917969,59.21550750732422,65.70390319824219,80,80,89.47368621826172,80.95238494873047,70,71.42857360839844,85,80.95238494873047,80,75,95,90.47618865966797,41.126888275146484,34359738368,2147483648,13829963776,334757888
209,1760276092347,3504,3504,3504,3504,3504,3504,3504,3504,3504,3504,3504,3504,67.32546997070313,64.78251647949219,60.26169204711914,60.464874267578125,63.92539596557617,58.70426940917969,59.21550750732422,65.70390319824219,90,70,80.95238494873047,76.19047546386719,65,63.15789031982422,80.95238494873047,75,68.18181610107422,72.7272720336914,90.47618865966797,90,41.126888275146484,34359738368,2147483648,13757825024,334757888
209,1760276092557,3504,3504,3504,3504,3504,3504,3504,3504,3504,3504,3504,3504,67.32546997070313,64.78251647949219,60.26169204711914,60.464874267578125,63.92539596557617,58.70426940917969,59.21550750732422,65.70390319824219,85.71428680419922,71.42857360839844,85,85.71428680419922,68.18181610107422,63.6363639831543,76.19047546386719,76.19047546386719,80,80,90,90.90909576416016,41.126888275146484,34359738368,2147483648,13700202496,334757888
207,1760276092767,3504,3504,3504,3504,3504,3504,3504,3504,3504,3504,3504,3504,67.32546997070313,64.78251647949219,60.26169204711914,60.464874267578125,63.92539596557617,58.70426940917969,59.21550750732422,65.70390319824219,76.19047546386719,85.71428680419922,81.81818389892578,80.95238494873047,90,70,76.19047546386719,80.95238494873047,76.19047546386719,76.19047546386719,95.23809814453125,90,40.315311431884766,34359738368,2147483648,13822705664,334757888
205,1760276092975,3504,3504,3504,3504,3504,3504,3504,3504,3504,3504,3504,3504,67.32546997070313,64.78251647949219,60.26169204711914,60.464874267578125,63.92539596557617,58.70426940917969,59.21550750732422,65.70390319824219,66.66667175292969,66.66667175292969,80.95238494873047,75,76.19047546386719,66.66667175292969,75,75,66.66667175292969,66.66667175292969,85.71428680419922,85.71428680419922,40.315311431884766,34359738368,2147483648,13706133504,334757888
208,1760276093180,3504,3504,3504,3504,3504,3504,3504,3504,3504,3504,3504,3504,68.3788833618164,65.36631774902344,60.930076599121094,61.38079071044922,64.85479736328125,59.62889862060547,60.20201110839844,66.76000213623047,80,80,85,76.19047546386719,75,80,85,90.47618865966797,80,78.94737243652344,85.71428680419922,85,40.315311431884766,34359738368,2147483648,13840089088,334757888
199,1760276093388,3504,3504,3504,3504,3504,3504,3504,3504,3504,3504,3504,3504,68.3788833618164,65.36631774902344,60.930076599121094,61.38079071044922,64.85479736328125,59.62889862060547,60.20201110839844,66.76000213623047,76.19047546386719,71.42857360839844,61.904762268066406,61.904762268066406,57.142860412597656,66.66667175292969,86.36363983154297,85.71428680419922,80.95238494873047,72.7272720336914,70,70,40.315311431884766,34359738368,2147483648,13733756928,334757888
206,1760276093588,3504,3504,3504,3504,3504,3504,3504,3504,3504,3504,3504,3504,68.3788833618164,65.36631774902344,60.930076599121094,61.38079071044922,64.85479736328125,59.62889862060547,60.20201110839844,66.76000213623047,85,80,78.94737243652344,78.94737243652344,75,75,94.73684692382813,90,85,85,80,76.19047546386719,40.315311431884766,34359738368,2147483648,13853982720,334757888
209,1760276093795,3504,3504,3504,3504,3504,3504,3504,3504,3504,3504,3504,3504,68.3788833618164,65.36631774902344,60.930076599121094,61.38079071044922,64.85479736328125,59.62889862060547,60.20201110839844,66.76000213623047,75,75,71.42857360839844,66.66667175292969,63.15789031982422,57.142860412597656,90.47618865966797,85,90,80.95238494873047,71.42857360839844,71.42857360839844,41.31882095336914,34359738368,2147483648,13853982720,334757888
209,1760276094005,3504,3504,3504,3504,3504,3504,3504,3504,3504,3504,3504,3504,68.3788833618164,65.36631774902344,60.930076599121094,61.38079071044922,64.85479736328125,59.62889862060547,60.20201110839844,66.76000213623047,80,76.19047546386719,72.7272720336914,76.19047546386719,81.81818389892578,71.42857360839844,90,90.90909576416016,85.71428680419922,85.71428680419922,76.19047546386719,75,41.31882095336914,34359738368,2147483648,13853982720,334757888
210,1760276094215,3504,3504,3504,3504,3504,3504,3504,3504,3504,3504,3504,3504,70.32975006103516,68.03434753417969,63.00877380371094,63.08707046508789,67.20283508300781,61.53936004638672,61.875179290771484,68.68448638916016,72.7272720336914,76.19047546386719,80,76.19047546386719,76.19047546386719,80,95.23809814453125,90,85.71428680419922,85,80,77.2727279663086,41.31882095336914,34359738368,2147483648,13853982720,334757888
207,1760276094425,3504,3504,3504,3504,3504,3504,3504,3504,3504,3504,3504,3504,70.32975006103516,68.03434753417969,63.00877380371094,63.08707046508789,67.20283508300781,61.53936004638672,61.875179290771484,68.68448638916016,75,76.19047546386719,66.66667175292969,77.2727279663086,75,61.904762268066406,90.90909576416016,90,80,80,76.19047546386719,70,41.31882095336914,34359738368,2147483648,13749518336,334757888
209,1760276094632,3504,3504,3504,3504,3504,3504,3504,3504,3504,3504,3504,3504,70.32975006103516,68.03434753417969,63.00877380371094,63.08707046508789,67.20283508300781,61.53936004638672,61.875179290771484,68.68448638916016,80.95238494873047,75,80.95238494873047,75,71.42857360839844,76.19047546386719,94.73684692382813,86.36363983154297,81.81818389892578,77.2727279663086,76.19047546386719,75,40.67988586425781,34359738368,2147483648,13858291712,334757888
209,1760276094843,3504,3504,3504,3504,3504,3504,3504,3504,3504,3504,3504,3504,70.32975006103516,68.03434753417969,63.00877380371094,63.08707046508789,67.20283508300781,61.53936004638672,61.875179290771484,68.68448638916016,86.36363983154297,76.19047546386719,76.19047546386719,76.19047546386719,66.66667175292969,68.18181610107422,90.90909576416016,85,80.95238494873047,81.81818389892578,75,80.95238494873047,40.67988586425781,34359738368,2147483648,13817544704,334757888
210,1760276095052,3504,3504,3504,3504,3504,3504,3504,3504,3504,3504,3504,3504,70.32975006103516,68.03434753417969,63.00877380371094,63.08707046508789,67.20283508300781,61.53936004638672,61.875179290771484,68.68448638916016,78.94737243652344,71.42857360839844,76.19047546386719,80.95238494873047,61.904762268066406,63.15789031982422,75,76.19047546386719,70,65,90.47618865966797,85.71428680419922,40.67988586425781,34359738368,2147483648,13688815616,334757888
202,1760276095263,3504,3504,3504,3504,3504,3504,3504,3504,3504,3504,3504,3504,70.39613342285156,68.23908233642578,63.33486557006836,63.34638977050781,67.13397979736328,61.69194793701172,62.191062927246094,68.93415832519531,86.9565200805664,76.19047546386719,80.95238494873047,76.19047546386719,76.19047546386719,81.81818389892578,81.81818389892578,75,77.2727279663086,76.19047546386719,90.47618865966797,85.71428680419922,40.67988586425781,34359738368,2147483648,13838368768,334757888
208,1760276095465,3504,3504,3504,3504,3504,3504,3504,3504,3504,3504,3504,3504,70.39613342285156,68.23908233642578,63.33486557006836,63.34638977050781,67.13397979736328,61.69194793701172,62.191062927246094,68.93415832519531,80,68.42105102539063,80,75,65,60.000003814697266,70,66.66667175292969,65,65,90.47618865966797,85.71428680419922,40.67988586425781,34359738368,2147483648,13682868224,334757888
209,1760276095674,3504,3504,3504,3504,3504,3504,3504,3504,3504,3504,3504,3504,70.39613342285156,68.23908233642578,63.33486557006836,63.34638977050781,67.13397979736328,61.69194793701172,62.191062927246094,68.93415832519531,80,77.2727279663086,85.71428680419922,80.95238494873047,80,80.95238494873047,80.95238494873047,80.95238494873047,75,80,90.47618865966797,95,41.53828430175781,34359738368,2147483648,13839187968,334757888
199,1760276095883,3504,3504,3504,3504,3504,3504,3504,3504,3504,3504,3504,3504,70.39613342285156,68.23908233642578,63.33486557006836,63.34638977050781,67.13397979736328,61.69194793701172,62.191062927246094,68.93415832519531,76.19047546386719,65,80.95238494873047,80.95238494873047,59.09090805053711,71.42857360839844,76.19047546386719,70,66.66667175292969,61.904762268066406,85,90,41.53828430175781,34359738368,2147483648,13839187968,334757888
209,1760276096083,3504,3504,3504,3504,3504,3504,3504,3504,3504,3504,3504,3504,70.39613342285156,68.23908233642578,63.33486557006836,63.34638977050781,67.13397979736328,61.69194793701172,62.191062927246094,68.93415832519531,85,80.95238494873047,85,80,73.68421173095703,73.68421173095703,84.21052551269531,76.19047546386719,80,80.95238494873047,90,90.47618865966797,41.53828430175781,34359738368,2147483648,13839187968,334757888
209,1760276096294,3504,3504,3504,3504,3504,3504,3504,3504,3504,3504,3504,3504,69.90888214111328,67.4379653930664,62.90083694458008,63.053733825683594,66.81510925292969,61.60615921020508,62.23310852050781,68.81199645996094,85.71428680419922,70,85.71428680419922,76.19047546386719,61.904762268066406,61.904762268066406,80.95238494873047,71.42857360839844,71.42857360839844,66.66667175292969,90.47618865966797,85.71428680419922,41.53828430175781,34359738368,2147483648,13839187968,334757888
209,1760276096503,3504,3504,3504,3504,3504,3504,3504,3504,3504,3504,3504,3504,69.90888214111328,67.4379653930664,62.90083694458008,63.053733825683594,66.81510925292969,61.60615921020508,62.23310852050781,68.81199645996094,85.71428680419922,80,80.95238494873047,80,71.42857360839844,66.66667175292969,76.19047546386719,76.19047546386719,71.42857360839844,71.42857360839844,90,90,41.53828430175781,34359738368,2147483648,13687472128,334757888
209,1760276096714,3504,3504,3504,3504,3504,3504,3504,3504,3504,3504,3504,3504,69.90888214111328,67.4379653930664,62.90083694458008,63.053733825683594,66.81510925292969,61.60615921020508,62.23310852050781,68.81199645996094,75,85.71428680419922,85,77.2727279663086,76.19047546386719,76.19047546386719,86.36363983154297,90.47618865966797,80.95238494873047,76.19047546386719,81.81818389892578,76.19047546386719,41.07899475097656,34359738368,2147483648,13833486336,334757888
200,1760276096924,3504,3504,3504,3504,3504,3504,3504,3504,3504,3504,3504,3504,69.90888214111328,67.4379653930664,62.90083694458008,63.053733825683594,66.81510925292969,61.60615921020508,62.23310852050781,68.81199645996094,80.95238494873047,68.18181610107422,71.42857360839844,66.66667175292969,71.42857360839844,71.42857360839844,90.47618865966797,90,80.95238494873047,80,75,71.42857360839844,41.07899475097656,34359738368,2147483648,13726203904,334757888
206,1760276097124,3504,3504,3504,3504,3504,3504,3504,3504,3504,3504,3504,3504,69.90888214111328,67.4379653930664,62.90083694458008,63.053733825683594,66.81510925292969,61.60615921020508,62.23310852050781,68.81199645996094,78.94737243652344,75,80,75,65,70,94.73684692382813,85.71428680419922,80,85,80,80,41.07899475097656,34359738368,2147483648,13852278784,334757888
203,1760276097331,3504,3504,3504,3504,3504,3504,3504,3504,3504,3504,3504,3504,71.64212036132813,69.23269653320313,64.4687271118164,64.56043243408203,68.25066375732422,62.82942199707031,63.351436614990234,70.0091781616211,85.71428680419922,73.68421173095703,70,65,70,71.42857360839844,85.71428680419922,84.21052551269531,75,77.2727279663086,71.42857360839844,66.66667175292969,41.07899475097656,34359738368,2147483648,13852278784,334757888
204,1760276097534,3504,3504,3504,3504,3504,3504,3504,3504,3504,3504,3504,3504,71.64212036132813,69.23269653320313,64.4687271118164,64.56043243408203,68.25066375732422,62.82942199707031,63.351436614990234,70.0091781616211,85,77.2727279663086,75,75,70,68.42105102539063,89.47368621826172,90.47618865966797,85,90,80,80,41.07899475097656,34359738368,2147483648,13855129600,334757888
200,1760276097739,3504,3504,3504,3504,3504,3504,3504,3504,3504,3504,3504,3504,71.64212036132813,69.23269653320313,64.4687271118164,64.56043243408203,68.25066375732422,62.82942199707031,63.351436614990234,70.0091781616211,85,80,72.7272720336914,66.66667175292969,71.42857360839844,66.66667175292969,85.71428680419922,85,76.19047546386719,75,75,70,40.93115234375,34359738368,2147483648,13749092352,334757888
212,1760276097939,3504,3504,3504,3504,3504,3504,3504,3504,3504,3504,3504,3504,71.64212036132813,69.23269653320313,64.4687271118164,64.56043243408203,68.25066375732422,62.82942199707031,63.351436614990234,70.0091781616211,85,78.94737243652344,78.94737243652344,80,73.68421173095703,70,94.73684692382813,90,85,80,76.19047546386719,76.19047546386719,40.93115234375,34359738368,2147483648,13749092352,334757888
209,1760276098151,3504,3504,3504,3504,3504,3504,3504,3504,3504,3504,3504,3504,72.83804321289063,70.38473510742188,65.4829330444336,65.54339599609375,69.45047760009766,63.87184143066406,64.4411392211914,71.34931182861328,71.42857360839844,71.42857360839844,68.18181610107422,71.42857360839844,71.42857360839844,76.19047546386719,86.36363983154297,85.71428680419922,85,80.95238494873047,71.42857360839844,71.42857360839844,40.93115234375,34359738368,2147483648,13749092352,334757888
209,1760276098361,3504,3504,3504,3504,3504,3504,3504,3504,3504,3504,3504,3504,72.83804321289063,70.38473510742188,65.4829330444336,65.54339599609375,69.45047760009766,63.87184143066406,64.4411392211914,71.34931182861328,71.42857360839844,66.66667175292969,77.2727279663086,77.2727279663086,63.6363639831543,76.19047546386719,85.71428680419922,80,77.2727279663086,80.95238494873047,85,85,40.93115234375,34359738368,2147483648,13749092352,334757888
209,1760276098571,3504,3504,3504,3504,3504,3504,3504,3504,3504,3504,3504,3504,72.83804321289063,70.38473510742188,65.4829330444336,65.54339599609375,69.45047760009766,63.87184143066406,64.4411392211914,71.34931182861328,81.81818389892578,90,85,85,75,71.42857360839844,80.95238494873047,77.2727279663086,76.19047546386719,76.19047546386719,90.90909576416016,90.47618865966797,40.93115234375,34359738368,2147483648,13839024128,334757888
202,1760276098781,3504,3504,3504,3504,3504,3504,3504,3504,3504,3504,3504,3504,72.83804321289063,70.38473510742188,65.4829330444336,65.54339599609375,69.45047760009766,63.87184143066406,64.4411392211914,71.34931182861328,80.95238494873047,72.7272720336914,75,76.19047546386719,57.142860412597656,57.142860412597656,70,72.7272720336914,68.18181610107422,65,85.71428680419922,85,41.41636276245117,34359738368,2147483648,13726220288,334757888
203,1760276098983,3504,3504,3504,3504,3504,3504,3504,3504,3504,3504,3504,3504,72.83804321289063,70.38473510742188,65.4829330444336,65.54339599609375,69.45047760009766,63.87184143066406,64.4411392211914,71.34931182861328,89.47368621826172,80,85.71428680419922,85,76.19047546386719,84.21052551269531,80.95238494873047,84.21052551269531,78.94737243652344,76.19047546386719,89.47368621826172,90.47618865966797,41.41636276245117,34359738368,2147483648,13726220288,334757888
200,1760276099187,3504,3504,3504,3504,3504,3504,3504,3504,3504,3504,3504,3504,72.38142395019531,69.56307220458984,65.07736206054688,65.36000061035156,69.04407501220703,63.75943374633789,64.3919677734375,71.0285873413086,66.66667175292969,66.66667175292969,80,80.95238494873047,60.000003814697266,71.42857360839844,71.42857360839844,70,61.904762268066406,66.66667175292969,85.71428680419922,85,41.41636276245117,34359738368,2147483648,13726220288,334757888
212,1760276099388,3504,3504,3504,3504,3504,3504,3504,3504,3504,3504,3504,3504,72.38142395019531,69.56307220458984,65.07736206054688,65.36000061035156,69.04407501220703,63.75943374633789,64.3919677734375,71.0285873413086,85,83.33332824707031,85,84.21052551269531,80,75,84.21052551269531,80.95238494873047,75,75,94.73684692382813,85.71428680419922,41.41636276245117,34359738368,2147483648,13726220288,334757888
200,1760276099600,3504,3504,3504,3504,3504,3504,3504,3504,3504,3504,3504,3504,72.38142395019531,69.56307220458984,65.07736206054688,65.36000061035156,69.04407501220703,63.75943374633789,64.3919677734375,71.0285873413086,66.66667175292969,77.2727279663086,85.71428680419922,81.81818389892578,60.000003814697266,72.7272720336914,76.19047546386719,70,70,70,85.71428680419922,94.73684692382813,41.41636276245117,34359738368,2147483648,13769392128,334757888
211,1760276099800,3504,3504,3504,3504,3504,3504,3504,3504,3504,3504,3504,3504,72.38142395019531,69.56307220458984,65.07736206054688,65.36000061035156,69.04407501220703,63.75943374633789,64.3919677734375,71.0285873413086,84.21052551269531,75,85.71428680419922,85,75,78.94737243652344,75,71.42857360839844,71.42857360839844,70,90.47618865966797,90.47618865966797,41.12160873413086,34359738368,2147483648,13860044800,334757888
209,1760276100012,3504,3504,3504,3504,3504,3504,3504,3504,3504,3504,3504,3504,72.38142395019531,69.56307220458984,65.07736206054688,65.36000061035156,69.04407501220703,63.75943374633789,64.3919677734375,71.0285873413086,77.2727279663086,76.19047546386719,80.95238494873047,80.95238494873047,66.66667175292969,61.904762268066406,77.2727279663086,75,76.19047546386719,72.7272720336914,90,86.36363983154297,41.12160873413086,34359738368,2147483648,13802455040,334757888
209,1760276100222,3504,3504,3504,3504,3504,3504,3504,3504,3504,3504,3504,3504,72.65032196044922,70.0836410522461,65.57908630371094,65.73300170898438,69.69937133789063,64.36254119873047,65.0095443725586,71.7070541381836,80,80.95238494873047,70,65,72.7272720336914,66.66667175292969,85,90.47618865966797,85.71428680419922,85,71.42857360839844,70,41.12160873413086,34359738368,2147483648,13802455040,334757888
201,1760276100431,3504,3504,3504,3504,3504,3504,3504,3504,3504,3504,3504,3504,72.65032196044922,70.0836410522461,65.57908630371094,65.73300170898438,69.69937133789063,64.36254119873047,65.0095443725586,71.7070541381836,80.95238494873047,70,76.19047546386719,76.19047546386719,75,70,90.47618865966797,90.47618865966797,90.47618865966797,80.95238494873047,85,80.95238494873047,41.12160873413086,34359738368,2147483648,13802455040,334757888
206,1760276100633,3504,3504,3504,3504,3504,3504,3504,3504,3504,3504,3504,3504,72.65032196044922,70.0836410522461,65.57908630371094,65.73300170898438,69.69937133789063,64.36254119873047,65.0095443725586,71.7070541381836,73.68421173095703,70,68.42105102539063,70,68.42105102539063,70,90,85,75,76.19047546386719,66.66667175292969,70,41.1983642578125,34359738368,2147483648,13687619584,334757888
202,1760276100839,3504,3504,3504,3504,3504,3504,3504,3504,3504,3504,3504,3504,72.65032196044922,70.0836410522461,65.57908630371094,65.73300170898438,69.69937133789063,64.36254119873047,65.0095443725586,71.7070541381836,77.2727279663086,80.95238494873047,77.2727279663086,76.19047546386719,76.19047546386719,76.19047546386719,95,90,90.47618865966797,85.71428680419922,80.95238494873047,80.95238494873047,41.1983642578125,34359738368,2147483648,13847461888,334757888
201,1760276101042,3504,3504,3504,3504,3504,3504,3504,3504,3504,3504,3504,3504,72.65032196044922,70.0836410522461,65.57908630371094,65.73300170898438,69.69937133789063,64.36254119873047,65.0095443725586,71.7070541381836,75,80,65,66.66667175292969,76.19047546386719,61.904762268066406,85,80.95238494873047,75,78.94737243652344,75,70,41.1983642578125,34359738368,2147483648,13706805248,334757888
209,1760276101243,3504,3504,3504,3504,3504,3504,3504,3504,3504,3504,3504,3504,74.81328582763672,72.26683044433594,67.40325164794922,67.49451446533203,71.70760345458984,65.92179107666016,66.40227508544922,73.41907501220703,85,80,84.21052551269531,78.94737243652344,70,70,90,90,90,80,85,78.94737243652344,41.1983642578125,34359738368,2147483648,13850214400,334757888
199,1760276101454,3504,3504,3504,3504,3504,3504,3504,3504,3504,3504,3504,3504,74.81328582763672,72.26683044433594,67.40325164794922,67.49451446533203,71.70760345458984,65.92179107666016,66.40227508544922,73.41907501220703,75,66.66667175292969,68.18181610107422,68.18181610107422,70,65,90.47618865966797,90,80.95238494873047,77.2727279663086,71.42857360839844,72.7272720336914,41.1983642578125,34359738368,2147483648,13746143232,334757888
209,1760276101653,3504,3504,3504,3504,3504,3504,3504,3504,3504,3504,3504,3504,74.81328582763672,72.26683044433594,67.40325164794922,67.49451446533203,71.70760345458984,65.92179107666016,66.40227508544922,73.41907501220703,85,78.94737243652344,80,75,75,70,90,85.71428680419922,84.21052551269531,85,80,75,41.656490325927734,34359738368,2147483648,13845381120,334757888
199,1760276101863,3504,3504,3504,3504,3504,3504,3504,3504,3504,3504,3504,3504,74.81328582763672,72.26683044433594,67.40325164794922,67.49451446533203,71.70760345458984,65.92179107666016,66.40227508544922,73.41907501220703,68.18181610107422,77.2727279663086,80,76.19047546386719,71.42857360839844,71.42857360839844,80.95238494873047,76.19047546386719,66.66667175292969,70,85,80.95238494873047,41.656490325927734,34359738368,2147483648,13766328320,334757888
211,1760276102063,3504,3504,3504,3504,3504,3504,3504,3504,3504,3504,3504,3504,74.81328582763672,72.26683044433594,67.40325164794922,67.49451446533203,71.70760345458984,65.92179107666016,66.40227508544922,73.41907501220703,84.21052551269531,73.68421173095703,80.95238494873047,80,65,80,80,73.68421173095703,75,70,90.47618865966797,94.73684692382813,41.656490325927734,34359738368,2147483648,13851525120,334757888
201,1760276102274,3504,3504,3504,3504,3504,3504,3504,3504,3504,3504,3504,3504,74.73358154296875,72.30359649658203,67.58438110351563,67.62592315673828,71.35657501220703,65.89324188232422,66.4217758178711,73.18251037597656,71.42857360839844,71.42857360839844,85,76.19047546386719,95.23809814453125,66.66667175292969,80.95238494873047,80.95238494873047,76.19047546386719,75,90.47618865966797,90.47618865966797,41.656490325927734,34359738368,2147483648,13812531200,334757888
209,1760276102476,3504,3504,3504,3504,3504,3504,3504,3504,3504,3504,3504,3504,74.73358154296875,72.30359649658203,67.58438110351563,67.62592315673828,71.35657501220703,65.89324188232422,66.4217758178711,73.18251037597656,85,71.42857360839844,80.95238494873047,75,66.66667175292969,65,80,76.19047546386719,66.66667175292969,71.42857360839844,90,85,41.656490325927734,34359738368,2147483648,13779845120,334757888
209,1760276102686,3504,3504,3504,3504,3504,3504,3504,3504,3504,3504,3504,3504,74.73358154296875,72.30359649658203,67.58438110351563,67.62592315673828,71.35657501220703,65.89324188232422,66.4217758178711,73.18251037597656,80.95238494873047,76.19047546386719,85.71428680419922,80.95238494873047,68.42105102539063,61.904762268066406,76.19047546386719,76.19047546386719,75,72.7272720336914,85.71428680419922,85.71428680419922,40.97537612915039,34359738368,2147483648,13825867776,334757888
209,1760276102896,3504,3504,3504,3504,3504,3504,3504,3504,3504,3504,3504,3504,74.73358154296875,72.30359649658203,67.58438110351563,67.62592315673828,71.35657501220703,65.89324188232422,66.4217758178711,73.18251037597656,70,75,80.95238494873047,76.19047546386719,81.81818389892578,66.66667175292969,71.42857360839844,70,71.42857360839844,65,90,86.36363983154297,40.97537612915039,34359738368,2147483648,13693976576,334757888
202,1760276103106,3504,3504,3504,3504,3504,3504,3504,3504,3504,3504,3504,3504,74.73358154296875,72.30359649658203,67.58438110351563,67.62592315673828,71.35657501220703,65.89324188232422,66.4217758178711,73.18251037597656,71.42857360839844,75,85.71428680419922,85.71428680419922,80.95238494873047,76.19047546386719,80.95238494873047,80.95238494873047,76.19047546386719,80.95238494873047,90.47618865966797,95,40.97537612915039,34359738368,2147483648,13847248896,334757888
203,1760276103309,3504,3504,3504,3504,3504,3504,3504,3504,3504,3504,3504,3504,74.5108413696289,71.6575927734375,67.26425170898438,67.50554656982422,70.99043273925781,65.79830169677734,66.46121978759766,73.13499450683594,75,66.66667175292969,80,84.21052551269531,75,57.894737243652344,70,76.19047546386719,65,65,90,90,40.97537612915039,34359738368,2147483648,13735428096,334757888
209,1760276103512,3504,3504,3504,3504,3504,3504,3504,3504,3504,3504,3504,3504,74.5108413696289,71.6575927734375,67.26425170898438,67.50554656982422,70.99043273925781,65.79830169677734,66.46121978759766,73.13499450683594,76.19047546386719,85,85,80.95238494873047,70,76.19047546386719,85,80,80.95238494873047,80,90,90,40.97537612915039,34359738368,2147483648,13861666816,334757888
209,1760276103723,3504,3504,3504,3504,3504,3504,3504,3504,3504,3504,3504,3504,74.5108413696289,71.6575927734375,67.26425170898438,67.50554656982422,70.99043273925781,65.79830169677734,66.46121978759766,73.13499450683594,80.95238494873047,76.19047546386719,77.2727279663086,72.7272720336914,66.66667175292969,66.66667175292969,90.47618865966797,80.95238494873047,80.95238494873047,77.2727279663086,76.19047546386719,71.42857360839844,41.67351150512695,34359738368,2147483648,13794213888,334757888
209,1760276103932,3504,3504,3504,3504,3504,3504,3504,3504,3504,3504,3504,3504,74.5108413696289,71.6575927734375,67.26425170898438,67.50554656982422,70.99043273925781,65.79830169677734,66.46121978759766,73.13499450683594,80,76.19047546386719,75,75,65,61.904762268066406,85.71428680419922,89.47368621826172,80.95238494873047,76.19047546386719,76.19047546386719,71.42857360839844,41.67351150512695,34359738368,2147483648,13690716160,334757888
210,1760276104143,3504,3504,3504,3504,3504,3504,3504,3504,3504,3504,3504,3504,74.5108413696289,71.6575927734375,67.26425170898438,67.50554656982422,72.84549713134766,67.26858520507813,67.84635925292969,74.73493957519531,80.95238494873047,85.71428680419922,76.19047546386719,71.42857360839844,80.95238494873047,71.42857360839844,90.47618865966797,86.9565200805664,85,80.95238494873047,77.2727279663086,81.81818389892578,41.67351150512695,34359738368,2147483648,13840515072,334757888
200,1760276104353,3504,3504,3504,3504,3504,3504,3504,3504,3504,3504,3504,3504,76.30228424072266,73.51789093017578,68.84835052490234,68.99458312988281,72.84549713134766,67.26858520507813,67.84635925292969,74.73493957519531,80.95238494873047,71.42857360839844,71.42857360839844,66.66667175292969,63.6363639831543,61.904762268066406,90.47618865966797,90.47618865966797,80.95238494873047,71.42857360839844,76.19047546386719,75,41.67351150512695,34359738368,2147483648,13731201024,334757888
210,1760276104554,3504,3504,3504,3504,3504,3504,3504,3504,3504,3504,3504,3504,76.30228424072266,73.51789093017578,68.84835052490234,68.99458312988281,72.84549713134766,67.26858520507813,67.84635925292969,74.73493957519531,85,78.94737243652344,75,80,80,75,95,89.47368621826172,85.71428680419922,84.21052551269531,84.21052551269531,75,41.67351150512695,34359738368,2147483648,13848133632,334757888
199,1760276104764,3504,3504,3504,3504,3504,3504,3504,3504,3504,3504,3504,3504,76.30228424072266,73.51789093017578,68.84835052490234,68.99458312988281,72.84549713134766,67.26858520507813,67.84635925292969,74.73493957519531,75,76.19047546386719,71.42857360839844,66.66667175292969,65,57.142860412597656,85.71428680419922,85.71428680419922,80,81.81818389892578,76.19047546386719,72.7272720336914,41.74264144897461,34359738368,2147483648,13772210176,334757888
209,1760276104964,3504,3504,3504,3504,3504,3504,3504,3504,3504,3504,3504,3504,76.30228424072266,73.51789093017578,68.84835052490234,68.99458312988281,72.84549713134766,67.26858520507813,67.84635925292969,74.73493957519531,85.71428680419922,75,85,73.68421173095703,75,73.68421173095703,90,90,85,80,70,78.94737243652344,41.74264144897461,34359738368,2147483648,13861519360,334757888
209,1760276105174,3504,3504,3504,3504,3504,3504,3504,3504,3504,3504,3504,3504,77.34850311279297,74.7327880859375,69.94163513183594,69.95970916748047,73.8233413696289,68.13128662109375,68.65618896484375,75.588134765625,85.71428680419922,71.42857360839844,71.42857360839844,77.2727279663086,65,57.142860412597656,90,90,85,85,76.19047546386719,71.42857360839844,41.74264144897461,34359738368,2147483648,13798391808,334757888
209,1760276105384,3504,3504,3504,3504,3504,3504,3504,3504,3504,3504,3504,3504,77.34850311279297,74.7327880859375,69.94163513183594,69.95970916748047,73.8233413696289,68.13128662109375,68.65618896484375,75.588134765625,76.19047546386719,85.71428680419922,80.95238494873047,75,72.7272720336914,68.18181610107422,76.19047546386719,77.2727279663086,69.56521606445313,71.42857360839844,85.71428680419922,90.47618865966797,41.74264144897461,34359738368,2147483648,13693599744,334757888
202,1760276105594,3504,3504,3504,3504,3504,3504,3504,3504,3504,3504,3504,3504,77.34850311279297,74.7327880859375,69.94163513183594,69.95970916748047,73.8233413696289,68.13128662109375,68.65618896484375,75.588134765625,85.71428680419922,80.95238494873047,85.71428680419922,77.2727279663086,71.42857360839844,70,77.2727279663086,80,78.94737243652344,76.19047546386719,95.23809814453125,90.47618865966797,41.74264144897461,34359738368,2147483648,13838073856,334757888
209,1760276105797,3504,3504,3504,3504,3504,3504,3504,3504,3504,3504,3504,3504,77.34850311279297,74.7327880859375,69.94163513183594,69.95970916748047,73.8233413696289,68.13128662109375,68.65618896484375,75.588134765625,70,75,75,75,65,70,75,76.19047546386719,71.42857360839844,66.66667175292969,78.94737243652344,90,41.686397552490234,34359738368,2147483648,13692420096,334757888
209,1760276106007,3504,3504,3504,3504,3504,3504,3504,3504,3504,3504,3504,3504,77.34850311279297,74.7327880859375,69.94163513183594,69.95970916748047,73.8233413696289,68.13128662109375,68.65618896484375,75.588134765625,76.19047546386719,68.18181610107422,90.47618865966797,80,71.42857360839844,85.71428680419922,80,76.19047546386719,76.19047546386719,80.95238494873047,90.90909576416016,85,41.686397552490234,34359738368,2147483648,13849673728,334757888
200,1760276106217,3504,3504,3504,3504,3504,3504,3504,3504,3504,3504,3504,3504,76.42491149902344,73.45394897460938,69.08982849121094,69.30152130126953,73.1807632446289,67.84475708007813,68.52838134765625,75.26728820800781,90,70,85,72.7272720336914,66.66667175292969,66.66667175292969,76.19047546386719,70,66.66667175292969,71.42857360839844,90,85.71428680419922,41.686397552490234,34359738368,2147483648,13767245824,334757888
209,1760276106418,3504,3504,3504,3504,3504,3504,3504,3504,3504,3504,3504,3504,76.42491149902344,73.45394897460938,69.08982849121094,69.30152130126953,73.1807632446289,67.84475708007813,68.52838134765625,75.26728820800781,85,73.68421173095703,90,85,68.42105102539063,60.000003814697266,80,76.19047546386719,75,73.68421173095703,90,89.47368621826172,41.686397552490234,34359738368,2147483648,13767245824,334757888
201,1760276106628,3504,3504,3504,3504,3504,3504,3504,3504,3504,3504,3504,3504,76.42491149902344,73.45394897460938,69.08982849121094,69.30152130126953,73.1807632446289,67.84475708007813,68.52838134765625,75.26728820800781,85.71428680419922,80.95238494873047,77.2727279663086,80.95238494873047,71.42857360839844,75,76.19047546386719,76.19047546386719,76.19047546386719,68.18181610107422,90.47618865966797,90.90909576416016,41.969635009765625,34359738368,2147483648,13767245824,334757888
209,1760276106830,3504,3504,3504,3504,3504,3504,3504,3504,3504,3504,3504,3504,76.42491149902344,73.45394897460938,69.08982849121094,69.30152130126953,73.1807632446289,67.84475708007813,68.52838134765625,75.26728820800781,73.68421173095703,65,85,75,75,71.42857360839844,70,70,71.42857360839844,78.94737243652344,90.47618865966797,89.47368621826172,41.969635009765625,34359738368,2147483648,13854523392,334757888
204,1760276107040,3504,3504,3504,3504,3504,3504,3504,3504,3504,3504,3504,3504,76.42491149902344,73.45394897460938,69.08982849121094,69.30152130126953,73.1807632446289,67.84475708007813,68.52838134765625,75.26728820800781,77.2727279663086,71.42857360839844,80.95238494873047,85.71428680419922,80.95238494873047,70,85.71428680419922,85,80.95238494873047,71.42857360839844,85,80.95238494873047,41.969635009765625,34359738368,2147483648,13814857728,334757888
204,1760276107245,3504,3504,3504,3504,3504,3504,3504,3504,3504,3504,3504,3504,77.05107116699219,74.12812042236328,69.7407455444336,69.94539642333984,73.82846069335938,68.4847183227539,69.02674102783203,75.69710540771484,65,71.42857360839844,75,76.19047546386719,61.904762268066406,65,90,90.47618865966797,80,71.42857360839844,80,72.7272720336914,41.969635009765625,34359738368,2147483648,13706412032,334757888
209,1760276107449,3504,3504,3504,3504,3504,3504,3504,3504,3504,3504,3504,3504,77.05107116699219,74.12812042236328,69.7407455444336,69.94539642333984,73.82846069335938,68.4847183227539,69.02674102783203,75.69710540771484,85.71428680419922,85,76.19047546386719,75,75,77.2727279663086,90.47618865966797,95,90,85.71428680419922,80.95238494873047,80,41.969635009765625,34359738368,2147483648,13854883840,334757888
203,1760276107660,3504,3504,3504,3504,3504,3504,3504,3504,3504,3504,3504,3504,77.05107116699219,74.12812042236328,69.7407455444336,69.94539642333984,73.82846069335938,68.4847183227539,69.02674102783203,75.69710540771484,80.95238494873047,71.42857360839844,70,70,66.66667175292969,55,90,90.47618865966797,80,76.19047546386719,76.19047546386719,76.19047546386719,41.31669616699219,34359738368,2147483648,13776519168,334757888
209,1760276107863,3504,3504,3504,3504,3504,3504,3504,3504,3504,3504,3504,3504,77.05107116699219,74.12812042236328,69.7407455444336,69.94539642333984,73.82846069335938,68.4847183227539,69.02674102783203,75.69710540771484,80,95,76.19047546386719,71.42857360839844,75,71.42857360839844,86.36363983154297,90.47618865966797,85.71428680419922,80,70,75,41.31669616699219,34359738368,2147483648,13860356096,334757888
209,1760276108074,3504,3504,3504,3504,3504,3504,3504,3504,3504,3504,3504,3504,77.05107116699219,74.12812042236328,69.7407455444336,69.94539642333984,73.82846069335938,68.4847183227539,69.02674102783203,75.69710540771484,71.42857360839844,76.19047546386719,75,76.19047546386719,80,66.66667175292969,89.47368621826172,90,85.71428680419922,80.95238494873047,80.95238494873047,76.19047546386719,41.31669616699219,34359738368,2147483648,13811646464,334757888
209,1760276108283,3504,3504,3504,3504,3504,3504,3504,3504,3504,3504,3504,3504,79.35476684570313,76.41624450683594,71.62488555908203,71.80067443847656,75.68265533447266,69.92469787597656,70.2010269165039,77.1656494140625,76.19047546386719,70,66.66667175292969,66.66667175292969,72.7272720336914,65,90.47618865966797,90.47618865966797,80,75,76.19047546386719,71.42857360839844,41.31669616699219,34359738368,2147483648,13694681088,334757888
205,1760276108493,3504,3504,3504,3504,3504,3504,3504,3504,3504,3504,3504,3504,79.35476684570313,76.41624450683594,71.62488555908203,71.80067443847656,75.68265533447266,69.92469787597656,70.2010269165039,77.1656494140625,76.19047546386719,71.42857360839844,76.19047546386719,80.95238494873047,71.42857360839844,86.36363983154297,90,90.47618865966797,86.36363983154297,80.95238494873047,80.95238494873047,80.95238494873047,41.31669616699219,34359738368,2147483648,13851557888,334757888
209,1760276108699,3504,3504,3504,3504,3504,3504,3504,3504,3504,3504,3504,3504,79.35476684570313,76.41624450683594,71.62488555908203,71.80067443847656,75.68265533447266,69.92469787597656,70.2010269165039,77.1656494140625,73.68421173095703,76.19047546386719,71.42857360839844,66.66667175292969,71.42857360839844,63.15789031982422,81.81818389892578,80,75,76.19047546386719,75,71.42857360839844,42.552642822265625,34359738368,2147483648,13716684800,334757888
206,1760276108909,3504,3504,3504,3504,3504,3504,3504,3504,3504,3504,3504,3504,79.35476684570313,76.41624450683594,71.62488555908203,71.80067443847656,75.68265533447266,69.92469787597656,70.2010269165039,77.1656494140625,80.95238494873047,80,90.47618865966797,85.71428680419922,73.68421173095703,66.66667175292969,85,76.19047546386719,71.42857360839844,76.19047546386719,90.47618865966797,90,42.552642822265625,34359738368,2147483648,13862551552,334757888
205,1760276109115,3504,3504,3504,3504,3504,3504,3504,3504,3504,3504,3504,3504,79.35476684570313,76.41624450683594,71.62488555908203,71.80067443847656,75.68265533447266,69.92469787597656,70.2010269165039,77.1656494140625,85,71.42857360839844,80,75,63.6363639831543,57.142860412597656,76.19047546386719,71.42857360839844,71.42857360839844,68.18181610107422,85.71428680419922,85.71428680419922,42.552642822265625,34359738368,2147483648,13768409088,334757888
209,1760276109321,3504,3504,3504,3504,3504,3504,3504,3504,3504,3504,3504,3504,78.35975646972656,76.01911926269531,71.33197784423828,71.25736236572266,75.1663589477539,69.7783203125,70.28865814208984,77.18181610107422,80.95238494873047,85,86.36363983154297,85,76.19047546386719,70,85,76.19047546386719,75,75,94.73684692382813,90,42.552642822265625,34359738368,2147483648,13827735552,334757888
204,1760276109531,3504,3504,3504,3504,3504,3504,3504,3504,3504,3504,3504,3504,78.35975646972656,76.01911926269531,71.33197784423828,71.25736236572266,75.1663589477539,69.7783203125,70.28865814208984,77.18181610107422,80,72.7272720336914,85,76.19047546386719,70,68.18181610107422,77.2727279663086,71.42857360839844,72.7272720336914,70,90.47618865966797,90.47618865966797,42.552642822265625,34359738368,2147483648,13817380864,334757888
208,1760276109736,3504,3504,3504,3504,3504,3504,3504,3504,3504,3504,3504,3504,78.35975646972656,76.01911926269531,71.33197784423828,71.25736236572266,75.1663589477539,69.7783203125,70.28865814208984,77.18181610107422,77.2727279663086,75,80,80.95238494873047,68.42105102539063,65,70,75,70,75,85.71428680419922,89.47368621826172,41.38955307006836,34359738368,2147483648,13691109376,334757888
209,1760276109944,3504,3504,3504,3504,3504,3504,3504,3504,3504,3504,3504,3504,78.35975646972656,76.01911926269531,71.33197784423828,71.25736236572266,75.1663589477539,69.7783203125,70.28865814208984,77.18181610107422,85,70,85.71428680419922,85.71428680419922,77.2727279663086,76.19047546386719,80.95238494873047,80.95238494873047,80,76.19047546386719,90.47618865966797,90.47618865966797,41.38955307006836,34359738368,2147483648,13856407552,334757888
205,1760276110154,3504,3504,3504,3504,3504,3504,3504,3504,3504,3504,3504,3504,78.27519989013672,75.66363525390625,71.18465423583984,71.28557586669922,74.97052764892578,69.77394104003906,70.40097045898438,77.17164611816406,81.81818389892578,72.7272720336914,86.36363983154297,76.19047546386719,76.19047546386719,66.66667175292969,80.95238494873047,70,68.18181610107422,71.42857360839844,90.47618865966797,90.47618865966797,41.38955307006836,34359738368,2147483648,13766770688,334757888
209,1760276110360,3504,3504,3504,3504,3504,3504,3504,3504,3504,3504,3504,3504,78.27519989013672,75.66363525390625,71.18465423583984,71.28557586669922,74.97052764892578,69.77394104003906,70.40097045898438,77.17164611816406,78.94737243652344,76.19047546386719,89.47368621826172,85.71428680419922,70,65,80,71.42857360839844,70,76.19047546386719,95.23809814453125,90.47618865966797,41.38955307006836,34359738368,2147483648,13746946048,334757888
202,1760276110570,3504,3504,3504,3504,3504,3504,3504,3504,3504,3504,3504,3504,78.27519989013672,75.66363525390625,71.18465423583984,71.28557586669922,74.97052764892578,69.77394104003906,70.40097045898438,77.17164611816406,77.2727279663086,80,77.2727279663086,75,76.19047546386719,81.81818389892578,90,85.71428680419922,80.95238494873047,77.2727279663086,80,76.19047546386719,41.38955307006836,34359738368,2147483648,13821050880,334757888
209,1760276110773,3504,3504,3504,3504,3504,3504,3504,3504,3504,3504,3504,3504,78.27519989013672,75.66363525390625,71.18465423583984,71.28557586669922,74.97052764892578,69.77394104003906,70.40097045898438,77.17164611816406,84.21052551269531,65,63.15789031982422,65,70,63.15789031982422,90.47618865966797,90,85,73.68421173095703,75,65,42.06120300292969,34359738368,2147483648,13682376704,334757888
210,1760276110983,3504,3504,3504,3504,3504,3504,3504,3504,3504,3504,3504,3504,78.27519989013672,75.66363525390625,71.18465423583984,71.28557586669922,74.97052764892578,69.77394104003906,70.40097045898438,77.17164611816406,76.19047546386719,71.42857360839844,81.81818389892578,76.19047546386719,80.95238494873047,70,95,95,95,90.47618865966797,80.95238494873047,80.95238494873047,42.06120300292969,34359738368,2147483648,13842399232,334757888
199,1760276111193,3504,3504,3504,3504,3504,3504,3504,3504,3504,3504,3504,3504,80.28572082519531,77.79141998291016,72.8528823852539,72.92789459228516,77.19999694824219,71.42476654052734,71.80449676513672,78.87311553955078,71.42857360839844,65,70,66.66667175292969,85.71428680419922,57.142860412597656,86.36363983154297,85.71428680419922,81.81818389892578,80.95238494873047,76.19047546386719,71.42857360839844,42.06120300292969,34359738368,2147483648,13767000064,334757888
209,1760276111393,3504,3504,3504,3504,3504,3504,3504,3504,3504,3504,3504,3504,80.28572082519531,77.79141998291016,72.8528823852539,72.92789459228516,77.19999694824219,71.42476654052734,71.80449676513672,78.87311553955078,90,80,76.19047546386719,80,75,76.19047546386719,95,90.47618865966797,85,85,80,85,42.06120300292969,34359738368,2147483648,13860487168,334757888
199,1760276111603,3504,3504,3504,3504,3504,3504,3504,3504,3504,3504,3504,3504,80.28572082519531,77.79141998291016,72.8528823852539,72.92789459228516,77.19999694824219,71.42476654052734,71.80449676513672,78.87311553955078,76.19047546386719,75,75,66.66667175292969,66.66667175292969,65,90.47618865966797,85.71428680419922,80.95238494873047,76.19047546386719,77.2727279663086,76.19047546386719,42.497074127197266,34359738368,2147483648,13794394112,334757888
203,1760276111803,3504,3504,3504,3504,3504,3504,3504,3504,3504,3504,3504,3504,80.28572082519531,77.79141998291016,72.8528823852539,72.92789459228516,77.19999694824219,71.42476654052734,71.80449676513672,78.87311553955078,80,76.19047546386719,70,75,70,75,89.47368621826172,85,84.21052551269531,76.19047546386719,83.33332824707031,73.68421173095703,42.497074127197266,34359738368,2147483648,13863993344,334757888
209,1760276112006,3504,3504,3504,3504,3504,3504,3504,3504,3504,3504,3504,3504,80.28572082519531,77.79141998291016,72.8528823852539,72.92789459228516,77.19999694824219,71.42476654052734,71.80449676513672,78.87311553955078,85.71428680419922,70,76.19047546386719,70,63.15789031982422,63.6363639831543,90,89.47368621826172,76.19047546386719,73.68421173095703,77.2727279663086,72.7272720336914,42.497074127197266,34359738368,2147483648,13770031104,334757888
210,1760276112216,3504,3504,3504,3504,3504,3504,3504,3504,3504,3504,3504,3504,80.9198226928711,78.48287963867188,73.48558044433594,73.57642364501953,77.24261474609375,71.60614776611328,71.93889617919922,78.82389068603516,73.68421173095703,80.95238494873047,71.42857360839844,71.42857360839844,77.2727279663086,70,81.81818389892578,80.95238494873047,80.95238494873047,75,80,85.71428680419922,42.497074127197266,34359738368,2147483648,13858586624,334757888
209,1760276112427,3504,3504,3504,3504,3504,3504,3504,3504,3504,3504,3504,3504,80.9198226928711,78.48287963867188,73.48558044433594,73.57642364501953,77.24261474609375,71.60614776611328,71.93889617919922,78.82389068603516,80.95238494873047,76.19047546386719,85.71428680419922,80.95238494873047,71.42857360839844,66.66667175292969,80,80.95238494873047,75,72.7272720336914,90.47618865966797,85,42.497074127197266,34359738368,2147483648,13813006336,334757888
209,1760276112637,3504,3504,3504,3504,3504,3504,3504,3504,3504,3504,3504,3504,80.9198226928711,78.48287963867188,73.48558044433594,73.57642364501953,77.24261474609375,71.60614776611328,71.93889617919922,78.82389068603516,77.2727279663086,76.19047546386719,85.71428680419922,72.7272720336914,66.66667175292969,66.66667175292969,81.81818389892578,71.42857360839844,66.66667175292969,68.18181610107422,80.95238494873047,85,42.535343170166016,34359738368,2147483648,13696483328,334757888
210,1760276112847,3504,3504,3504,3504,3504,3504,3504,3504,3504,3504,3504,3504,80.9198226928711,78.48287963867188,73.48558044433594,73.57642364501953,77.24261474609375,71.60614776611328,71.93889617919922,78.82389068603516,90,75,85,85,70,70,75,80.95238494873047,77.2727279663086,80,90.47618865966797,90.90909576416016,42.535343170166016,34359738368,2147483648,13853114368,334757888
202,1760276113057,3504,3504,3504,3504,3504,3504,3504,3504,3504,3504,3504,3504,80.9198226928711,78.48287963867188,73.48558044433594,73.57642364501953,77.24261474609375,71.60614776611328,71.93889617919922,78.82389068603516,85.71428680419922,76.19047546386719,85.71428680419922,77.2727279663086,66.66667175292969,68.18181610107422,76.19047546386719,71.42857360839844,71.42857360839844,65,90.47618865966797,85.71428680419922,42.535343170166016,34359738368,2147483648,13772292096,334757888
212,1760276113260,3504,3504,3504,3504,3504,3504,3504,3504,3504,3504,3504,3504,79.7781982421875,77.12852478027344,72.54013061523438,72.73503112792969,76.62911224365234,71.22244262695313,71.75806427001953,78.54035949707031,80.95238494873047,76.19047546386719,80.95238494873047,80,70,70,76.19047546386719,75,75,76.19047546386719,90,94.73684692382813,42.535343170166016,34359738368,2147483648,13857095680,334757888
209,1760276113472,3504,3504,3504,3504,3504,3504,3504,3504,3504,3504,3504,3504,79.7781982421875,77.12852478027344,72.54013061523438,72.73503112792969,76.62911224365234,71.22244262695313,71.75806427001953,78.54035949707031,76.19047546386719,76.19047546386719,85,76.19047546386719,72.7272720336914,70,76.19047546386719,76.19047546386719,71.42857360839844,71.42857360839844,85,82.60869598388672,42.535343170166016,34359738368,2147483648,13789118464,334757888
207,1760276113682,3504,3504,3504,3504,3504,3504,3504,3504,3504,3504,3504,3504,79.7781982421875,77.12852478027344,72.54013061523438,72.73503112792969,76.62911224365234,71.22244262695313,71.75806427001953,78.54035949707031,75,66.66667175292969,81.81818389892578,80.95238494873047,70,66.66667175292969,70,72.7272720336914,68.18181610107422,72.7272720336914,90.47618865966797,90,42.11973190307617,34359738368,2147483648,13688258560,334757888
209,1760276113890,3504,3504,3504,3504,3504,3504,3504,3504,3504,3504,3504,3504,79.7781982421875,77.12852478027344,72.54013061523438,72.73503112792969,76.62911224365234,71.22244262695313,71.75806427001953,78.54035949707031,80.95238494873047,75,90,90,90,68.18181610107422,80.95238494873047,78.94737243652344,78.94737243652344,80.95238494873047,90.90909576416016,95,42.11973190307617,34359738368,2147483648,13854130176,334757888
199,1760276114100,3504,3504,3504,3504,3504,3504,3504,3504,3504,3504,3504,3504,79.7781982421875,77.12852478027344,72.54013061523438,72.73503112792969,76.62911224365234,71.22244262695313,71.75806427001953,78.54035949707031,80.95238494873047,66.66667175292969,66.66667175292969,66.66667175292969,63.6363639831543,57.142860412597656,85.71428680419922,86.36363983154297,77.2727279663086,76.19047546386719,70,71.42857360839844,42.11973190307617,34359738368,2147483648,13756612608,334757888
201,1760276114300,3504,3504,3504,3504,3504,3504,3504,3504,3504,3504,3504,3504,80.73186492919922,77.85393524169922,73.23539733886719,73.52738952636719,77.44119262695313,72.00526428222656,72.65406036376953,79.67460632324219,78.94737243652344,78.94737243652344,75,80,70,66.66667175292969,95,94.73684692382813,89.47368621826172,78.94737243652344,80.95238494873047,85,42.11973190307617,34359738368,2147483648,13865189376,334757888
204,1760276114502,3504,3504,3504,3504,3504,3504,3504,3504,3504,3504,3504,3504,80.73186492919922,77.85393524169922,73.23539733886719,73.52738952636719,77.44119262695313,72.00526428222656,72.65406036376953,79.67460632324219,80,90,65,66.66667175292969,85,70,90,85.71428680419922,80,80,73.68421173095703,70,42.11973190307617,34359738368,2147483648,13732429824,334757888
210,1760276114706,3504,3504,3504,3504,3504,3504,3504,3504,3504,3504,3504,3504,80.73186492919922,77.85393524169922,73.23539733886719,73.52738952636719,77.44119262695313,72.00526428222656,72.65406036376953,79.67460632324219,76.19047546386719,80.95238494873047,80,75,80.95238494873047,77.2727279663086,90.47618865966797,90,85.71428680419922,80.95238494873047,85.71428680419922,80.95238494873047,41.76853561401367,34359738368,2147483648,13854523392,334757888
199,1760276114916,3504,3504,3504,3504,3504,3504,3504,3504,3504,3504,3504,3504,80.73186492919922,77.85393524169922,73.23539733886719,73.52738952636719,77.44119262695313,72.00526428222656,72.65406036376953,79.67460632324219,75,68.18181610107422,68.18181610107422,70,78.94737243652344,65,90,90,71.42857360839844,73.68421173095703,71.42857360839844,70,41.76853561401367,34359738368,2147483648,13763821568,334757888
200,1760276115116,3504,3504,3504,3504,3504,3504,3504,3504,3504,3504,3504,3504,80.73186492919922,77.85393524169922,73.23539733886719,73.52738952636719,77.44119262695313,72.00526428222656,72.65406036376953,79.67460632324219,76.19047546386719,84.21052551269531,80,75,76.19047546386719,65,90,90,85,76.19047546386719,80,80,41.76853561401367,34359738368,2147483648,13861339136,334757888
200,1760276115316,3504,3504,3504,3504,3504,3504,3504,3504,3504,3504,3504,3504,82.42314910888672,79.9425277709961,74.85398864746094,74.96620178222656,78.53934478759766,72.87750244140625,73.1470947265625,80.10375213623047,83.33332824707031,75,66.66667175292969,71.42857360839844,70,65,90,85,85,80,73.68421173095703,71.42857360839844,41.76853561401367,34359738368,2147483648,13759807488,334757888
201,1760276115518,3504,3504,3504,3504,3504,3504,3504,3504,3504,3504,3504,3504,82.42314910888672,79.9425277709961,74.85398864746094,74.96620178222656,78.53934478759766,72.87750244140625,73.1470947265625,80.10375213623047,81.81818389892578,78.94737243652344,78.94737243652344,80,65,65,90,90,85,85,76.19047546386719,80,41.76853561401367,34359738368,2147483648,13862420480,334757888
209,1760276115719,3504,3504,3504,3504,3504,3504,3504,3504,3504,3504,3504,3504,82.42314910888672,79.9425277709961,74.85398864746094,74.96620178222656,78.53934478759766,72.87750244140625,73.1470947265625,80.10375213623047,78.94737243652344,76.19047546386719,75,75,75,75,85,76.19047546386719,78.94737243652344,71.42857360839844,85,80,42.657684326171875,34359738368,2147483648,13768327168,334757888
206,1760276115929,3504,3504,3504,3504,3504,3504,3504,3504,3504,3504,3504,3504,82.42314910888672,79.9425277709961,74.85398864746094,74.96620178222656,78.53934478759766,72.87750244140625,73.1470947265625,80.10375213623047,81.81818389892578,71.42857360839844,85.71428680419922,80.95238494873047,71.42857360839844,61.904762268066406,80,75,72.7272720336914,75,95,90.47618865966797,42.657684326171875,34359738368,2147483648,13689831424,334757888
204,1760276116136,3504,3504,3504,3504,3504,3504,3504,3504,3504,3504,3504,3504,82.42314910888672,79.9425277709961,74.85398864746094,74.96620178222656,78.53934478759766,72.87750244140625,73.1470947265625,80.10375213623047,84.21052551269531,70,85,80,75,76.19047546386719,80.95238494873047,80.95238494873047,70,72.7272720336914,90.47618865966797,90,42.657684326171875,34359738368,2147483648,13827096576,334757888
202,1760276116341,3504,3504,3504,3504,3504,3504,3504,3504,3504,3504,3504,3504,81.98004150390625,79.60951232910156,74.71190643310547,74.77067565917969,78.92878723144531,73.34491729736328,73.69700622558594,80.80464172363281,80.95238494873047,61.904762268066406,80.95238494873047,80.95238494873047,61.904762268066406,61.904762268066406,71.42857360839844,70,71.42857360839844,70,85.71428680419922,90,42.657684326171875,34359738368,2147483648,13698023424,334757888
206,1760276116544,3504,3504,3504,3504,3504,3504,3504,3504,3504,3504,3504,3504,81.98004150390625,79.60951232910156,74.71190643310547,74.77067565917969,78.92878723144531,73.34491729736328,73.69700622558594,80.80464172363281,90,84.21052551269531,85,85,80,75,85,85.71428680419922,76.19047546386719,75,90,95,42.657684326171875,34359738368,2147483648,13855850496,334757888
202,1760276116751,3504,3504,3504,3504,3504,3504,3504,3504,3504,3504,3504,3504,81.98004150390625,79.60951232910156,74.71190643310547,74.77067565917969,78.92878723144531,73.34491729736328,73.69700622558594,80.80464172363281,85.71428680419922,63.6363639831543,80,80.95238494873047,65,55,70,65,68.42105102539063,70,89.47368621826172,85,42.295650482177734,34359738368,2147483648,13740212224,334757888
201,1760276116953,3504,3504,3504,3504,3504,3504,3504,3504,3504,3504,3504,3504,81.98004150390625,79.60951232910156,74.71190643310547,74.77067565917969,78.92878723144531,73.34491729736328,73.69700622558594,80.80464172363281,80,84.21052551269531,85.71428680419922,80,70,71.42857360839844,80.95238494873047,84.21052551269531,76.19047546386719,76.19047546386719,90.90909576416016,86.36363983154297,42.295650482177734,34359738368,2147483648,13865975808,334757888
204,1760276117154,3504,3504,3504,3504,3504,3504,3504,3504,3504,3504,3504,3504,81.83597564697266,78.88507080078125,74.37125396728516,74.64741516113281,78.20645904541016,72.98747253417969,73.57196807861328,80.47789001464844,85,71.42857360839844,80,80,66.66667175292969,72.22222137451172,80,72.7272720336914,70,73.68421173095703,89.47368621826172,84.21052551269531,42.295650482177734,34359738368,2147483648,13754433536,334757888
209,1760276117359,3504,3504,3504,3504,3504,3504,3504,3504,3504,3504,3504,3504,81.83597564697266,78.88507080078125,74.37125396728516,74.64741516113281,78.20645904541016,72.98747253417969,73.57196807861328,80.47789001464844,80,78.94737243652344,90,75,70,71.42857360839844,85,75,80,71.42857360839844,90,85,42.295650482177734,34359738368,2147483648,13860798464,334757888
209,1760276117569,3504,3504,3504,3504,3504,3504,3504,3504,3504,3504,3504,3504,81.83597564697266,78.88507080078125,74.37125396728516,74.64741516113281,78.20645904541016,72.98747253417969,73.57196807861328,80.47789001464844,72.7272720336914,76.19047546386719,71.42857360839844,72.7272720336914,75,68.18181610107422,90.47618865966797,85.71428680419922,80.95238494873047,80.95238494873047,76.19047546386719,76.19047546386719,42.295650482177734,34359738368,2147483648,13860798464,334757888
205,1760276117779,3504,3504,3504,3504,3504,3504,3504,3504,3504,3504,3504,3504,81.83597564697266,78.88507080078125,74.37125396728516,74.64741516113281,78.20645904541016,72.98747253417969,73.57196807861328,80.47789001464844,85.71428680419922,66.66667175292969,71.42857360839844,71.42857360839844,63.6363639831543,75,90.47618865966797,90.47618865966797,85.71428680419922,80.95238494873047,76.19047546386719,71.42857360839844,42.67924880981445,34359738368,2147483648,13860798464,334757888
207,1760276117984,3504,3504,3504,3504,3504,3504,3504,3504,3504,3504,3504,3504,81.83597564697266,78.88507080078125,74.37125396728516,74.64741516113281,78.20645904541016,72.98747253417969,73.57196807861328,80.47789001464844,80,80.95238494873047,75,75,73.68421173095703,65,95,90,90,85.71428680419922,80,85.71428680419922,42.67924880981445,34359738368,2147483648,13860798464,334757888
206,1760276118192,3504,3504,3504,3504,3504,3504,3504,3504,3504,3504,3504,3504,83.55072784423828,81.156982421875,76.06555938720703,76.13644409179688,80.42325592041016,74.59569549560547,74.78395080566406,81.90845489501953,85.71428680419922,65,70,70,61.904762268066406,52.38095474243164,90.47618865966797,80.95238494873047,77.2727279663086,70,72.7272720336914,70,42.67924880981445,34359738368,2147483648,13727055872,334757888
210,1760276118398,3504,3504,3504,3504,3504,3504,3504,3504,3504,3504,3504,3504,83.55072784423828,81.156982421875,76.06555938720703,76.13644409179688,80.42325592041016,74.59569549560547,74.78395080566406,81.90845489501953,80,85.71428680419922,77.2727279663086,76.19047546386719,80,75,90.47618865966797,90,80,85.71428680419922,84.21052551269531,80.95238494873047,42.67924880981445,34359738368,2147483648,13864075264,334757888
201,1760276118609,3504,3504,3504,3504,3504,3504,3504,3504,3504,3504,3504,3504,83.55072784423828,81.156982421875,76.06555938720703,76.13644409179688,80.42325592041016,74.59569549560547,74.78395080566406,81.90845489501953,75,76.19047546386719,66.66667175292969,72.7272720336914,68.18181610107422,68.18181610107422,85,90.47618865966797,80.95238494873047,72.7272720336914,77.2727279663086,71.42857360839844,42.623512268066406,34359738368,2147483648,13770801152,334757888
205,1760276118811,3504,3504,3504,3504,3504,3504,3504,3504,3504,3504,3504,3504,83.55072784423828,81.156982421875,76.06555938720703,76.13644409179688,80.42325592041016,74.59569549560547,74.78395080566406,81.90845489501953,76.19047546386719,75,73.68421173095703,70,75,75,90,90,85,84.21052551269531,75,76.19047546386719,42.623512268066406,34359738368,2147483648,13770801152,334757888
204,1760276119017,3504,3504,3504,3504,3504,3504,3504,3504,3504,3504,3504,3504,83.55072784423828,81.156982421875,76.06555938720703,76.13644409179688,80.42325592041016,74.59569549560547,74.78395080566406,81.90845489501953,85,80,72.7272720336914,70,71.42857360839844,70,90,85,80,75,76.19047546386719,70,42.623512268066406,34359738368,2147483648,13770801152,334757888
209,1760276119222,3504,3504,3504,3504,3504,3504,3504,3504,3504,3504,3504,3504,84.01432800292969,81.36608123779297,76.40104675292969,76.5774917602539,80.234375,74.6030502319336,74.84213256835938,81.82437133789063,85,70,75,80,70,66.66667175292969,80.95238494873047,85.71428680419922,75,71.42857360839844,85,85,42.623512268066406,34359738368,2147483648,13867892736,334757888
209,1760276119432,3504,3504,3504,3504,3504,3504,3504,3504,3504,3504,3504,3504,84.01432800292969,81.36608123779297,76.40104675292969,76.5774917602539,80.234375,74.6030502319336,74.84213256835938,81.82437133789063,80.95238494873047,72.7272720336914,80.95238494873047,76.19047546386719,61.904762268066406,61.904762268066406,75,71.42857360839844,71.42857360839844,76.19047546386719,90.47618865966797,85.71428680419922,42.623512268066406,34359738368,2147483648,13799342080,334757888
209,1760276119642,3504,3504,3504,3504,3504,3504,3504,3504,3504,3504,3504,3504,84.01432800292969,81.36608123779297,76.40104675292969,76.5774917602539,80.234375,74.6030502319336,74.84213256835938,81.82437133789063,76.19047546386719,85,85,81.81818389892578,76.19047546386719,75,72.7272720336914,71.42857360839844,71.42857360839844,76.19047546386719,85.71428680419922,86.36363983154297,42.28791046142578,34359738368,2147483648,13690421248,334757888
206,1760276119852,3504,3504,3504,3504,3504,3504,3504,3504,3504,3504,3504,3504,84.01432800292969,81.36608123779297,76.40104675292969,76.5774917602539,80.234375,74.6030502319336,74.84213256835938,81.82437133789063,80,80.95238494873047,85.71428680419922,90,80,72.7272720336914,85.71428680419922,80,76.19047546386719,76.19047546386719,95,95,42.28791046142578,34359738368,2147483648,13852409856,334757888
209,1760276120059,3504,3504,3504,3504,3504,3504,3504,3504,3504,3504,3504,3504,84.01432800292969,81.36608123779297,76.40104675292969,76.5774917602539,80.234375,74.6030502319336,74.84213256835938,81.82437133789063,66.66667175292969,76.19047546386719,80.95238494873047,76.19047546386719,76.19047546386719,70,70,66.66667175292969,76.19047546386719,65,90.47618865966797,85,42.28791046142578,34359738368,2147483648,13852409856,334757888
209,1760276120269,3504,3504,3504,3504,3504,3504,3504,3504,3504,3504,3504,3504,82.60252380371094,79.8977279663086,75.42459106445313,75.59221649169922,79.7784194946289,74.42161560058594,74.89403533935547,81.8870849609375,76.19047546386719,76.19047546386719,80.95238494873047,76.19047546386719,85.71428680419922,71.42857360839844,77.2727279663086,76.19047546386719,72.7272720336914,76.19047546386719,90.47618865966797,90,42.28791046142578,34359738368,2147483648,13864927232,334757888
199,1760276120479,3504,3504,3504,3504,3504,3504,3504,3504,3504,3504,3504,3504,82.60252380371094,79.8977279663086,75.42459106445313,75.59221649169922,79.7784194946289,74.42161560058594,74.89403533935547,81.8870849609375,80.95238494873047,70,85.71428680419922,80,65,61.904762268066406,76.19047546386719,77.2727279663086,75,68.18181610107422,85,86.36363983154297,42.28791046142578,34359738368,2147483648,13792903168,334757888
209,1760276120679,3504,3504,3504,3504,3504,3504,3504,3504,3504,3504,3504,3504,82.60252380371094,79.8977279663086,75.42459106445313,75.59221649169922,79.7784194946289,74.42161560058594,74.89403533935547,81.8870849609375,90,84.21052551269531,85,80.95238494873047,71.42857360839844,63.15789031982422,78.94737243652344,68.42105102539063,75,70,90.47618865966797,95,42.436180114746094,34359738368,2147483648,13864206336,334757888
201,1760276120889,3504,3504,3504,3504,3504,3504,3504,3504,3504,3504,3504,3504,82.60252380371094,79.8977279663086,75.42459106445313,75.59221649169922,79.7784194946289,74.42161560058594,74.89403533935547,81.8870849609375,80.95238494873047,86.36363983154297,80.95238494873047,76.19047546386719,90.47618865966797,76.19047546386719,76.19047546386719,80,72.7272720336914,75,84.21052551269531,80.95238494873047,42.436180114746094,34359738368,2147483648,13799571456,334757888
209,1760276121091,3504,3504,3504,3504,3504,3504,3504,3504,3504,3504,3504,3504,82.60252380371094,79.8977279663086,75.42459106445313,75.59221649169922,79.7784194946289,74.42161560058594,74.89403533935547,81.8870849609375,80,76.19047546386719,70,68.42105102539063,73.68421173095703,76.19047546386719,90.47618865966797,90.47618865966797,85,80,80.95238494873047,80,42.436180114746094,34359738368,2147483648,13747077120,334757888
201,1760276121301,3504,3504,3504,3504,3504,3504,3504,3504,3504,3504,3504,3504,83.99651336669922,81.04286193847656,76.39940643310547,76.68656921386719,80.67466735839844,75.11196899414063,75.47403717041016,82.48136901855469,76.19047546386719,73.68421173095703,76.19047546386719,72.7272720336914,76.19047546386719,80,95,90.47618865966797,80,80.95238494873047,75,76.19047546386719,42.436180114746094,34359738368,2147483648,13829816320,334757888
209,1760276121503,3504,3504,3504,3504,3504,3504,3504,3504,3504,3504,3504,3504,83.99651336669922,81.04286193847656,76.39940643310547,76.68656921386719,80.67466735839844,75.11196899414063,75.47403717041016,82.48136901855469,85,61.904762268066406,70,75,60.000003814697266,65,85,84.21052551269531,80,70,71.42857360839844,71.42857360839844,42.436180114746094,34359738368,2147483648,13761871872,334757888
206,1760276121713,3504,3504,3504,3504,3504,3504,3504,3504,3504,3504,3504,3504,83.99651336669922,81.04286193847656,76.39940643310547,76.68656921386719,80.67466735839844,75.11196899414063,75.47403717041016,82.48136901855469,80.95238494873047,76.19047546386719,80.95238494873047,70,77.2727279663086,71.42857360839844,85.71428680419922,90.47618865966797,80.95238494873047,80.95238494873047,80.95238494873047,75,42.68021011352539,34359738368,2147483648,13761871872,334757888
209,1760276121920,3504,3504,3504,3504,3504,3504,3504,3504,3504,3504,3504,3504,83.99651336669922,81.04286193847656,76.39940643310547,76.68656921386719,80.67466735839844,75.11196899414063,75.47403717041016,82.48136901855469,85,71.42857360839844,75,68.18181610107422,60.000003814697266,59.09090805053711,90,85.71428680419922,80,75,70,70,42.68021011352539,34359738368,2147483648,13761871872,334757888
209,1760276122130,3504,3504,3504,3504,3504,3504,3504,3504,3504,3504,3504,3504,83.99651336669922,81.04286193847656,76.39940643310547,76.68656921386719,80.67466735839844,75.11196899414063,75.47403717041016,82.48136901855469,90.47618865966797,80,77.2727279663086,75,80,70,86.36363983154297,90.47618865966797,86.36363983154297,82.60869598388672,85.71428680419922,77.2727279663086,42.68021011352539,34359738368,2147483648,13761871872,334757888
199,1760276122340,3504,3504,3504,3504,3504,3504,3504,3504,3504,3504,3504,3504,85.3553237915039,82.50205993652344,77.56920623779297,77.82574462890625,81.68310546875,75.93862915039063,76.13032531738281,83.18040466308594,71.42857360839844,68.18181610107422,66.66667175292969,66.66667175292969,63.6363639831543,66.66667175292969,89.47368621826172,85.71428680419922,80.95238494873047,70,72.7272720336914,71.42857360839844,42.68021011352539,34359738368,2147483648,13734412288,334757888
209,1760276122540,3504,3504,3504,3504,3504,3504,3504,3504,3504,3504,3504,3504,85.3553237915039,82.50205993652344,77.56920623779297,77.82574462890625,81.68310546875,75.93862915039063,76.13032531738281,83.18040466308594,85,83.33332824707031,78.94737243652344,85.71428680419922,78.94737243652344,73.68421173095703,90.47618865966797,94.73684692382813,84.21052551269531,85,78.94737243652344,80,42.68021011352539,34359738368,2147483648,13853540352,334757888
200,1760276122750,3504,3504,3504,3504,3504,3504,3504,3504,3504,3504,3504,3504,85.3553237915039,82.50205993652344,77.56920623779297,77.82574462890625,81.68310546875,75.93862915039063,76.13032531738281,83.18040466308594,85.71428680419922,57.142860412597656,71.42857360839844,80,57.142860412597656,57.142860412597656,75,71.42857360839844,63.6363639831543,71.42857360839844,85.71428680419922,90,42.273441314697266,34359738368,2147483648,13761609728,334757888
209,1760276122950,3504,3504,3504,3504,3504,3504,3504,3504,3504,3504,3504,3504,85.3553237915039,82.50205993652344,77.56920623779297,77.82574462890625,81.68310546875,75.93862915039063,76.13032531738281,83.18040466308594,89.47368621826172,85,90.47618865966797,80,70,71.42857360839844,80.95238494873047,80.95238494873047,78.94737243652344,78.94737243652344,90.47618865966797,85.71428680419922,42.273441314697266,34359738368,2147483648,13866434560,334757888
199,1760276123160,3504,3504,3504,3504,3504,3504,3504,3504,3504,3504,3504,3504,84.76177215576172,81.99616241455078,77.2721939086914,77.4962158203125,80.96934509277344,75.64269256591797,76.16867065429688,83.2874984741211,81.81818389892578,63.6363639831543,80.95238494873047,76.19047546386719,66.66667175292969,57.142860412597656,71.42857360839844,70,61.904762268066406,68.18181610107422,90,90,42.273441314697266,34359738368,2147483648,13770620928,334757888
209,1760276123360,3504,3504,3504,3504,3504,3504,3504,3504,3504,3504,3504,3504,84.76177215576172,81.99616241455078,77.2721939086914,77.4962158203125,80.96934509277344,75.64269256591797,76.16867065429688,83.2874984741211,89.47368621826172,80,84.21052551269531,80,70,78.94737243652344,80,80,80.95238494873047,75,85,90,42.273441314697266,34359738368,2147483648,13866844160,334757888
209,1760276123570,3504,3504,3504,3504,3504,3504,3504,3504,3504,3504,3504,3504,84.76177215576172,81.99616241455078,77.2721939086914,77.4962158203125,80.96934509277344,75.64269256591797,76.16867065429688,83.2874984741211,76.19047546386719,75,77.2727279663086,80.95238494873047,65,71.42857360839844,75,80.95238494873047,70,66.66667175292969,85.71428680419922,90,42.273441314697266,34359738368,2147483648,13786677248,334757888
209,1760276123780,3504,3504,3504,3504,3504,3504,3504,3504,3504,3504,3504,3504,84.76177215576172,81.99616241455078,77.2721939086914,77.4962158203125,80.96934509277344,75.64269256591797,76.16867065429688,83.2874984741211,76.19047546386719,81.81818389892578,85.71428680419922,80.95238494873047,72.7272720336914,76.19047546386719,76.19047546386719,71.42857360839844,76.19047546386719,71.42857360839844,95.23809814453125,85.71428680419922,42.75712203979492,34359738368,2147483648,13693304832,334757888
200,1760276123991,3504,3504,3504,3504,3504,3504,3504,3504,3504,3504,3504,3504,84.76177215576172,81.99616241455078,77.2721939086914,77.4962158203125,80.96934509277344,75.64269256591797,76.16867065429688,83.2874984741211,71.42857360839844,75,90,81.81818389892578,65,76.19047546386719,80.95238494873047,80.95238494873047,71.42857360839844,71.42857360839844,90.47618865966797,90.47618865966797,42.75712203979492,34359738368,2147483648,13693304832,334757888
209,1760276124191,3504,3504,3504,3504,3504,3504,3504,3504,3504,3504,3504,3504,84.87078094482422,81.73699951171875,77.21324157714844,77.60661315917969,81.47843933105469,76.00299835205078,76.32591247558594,83.28626251220703,85,68.42105102539063,80,73.68421173095703,65,75,70,70,65,70,90,85,42.75712203979492,34359738368,2147483648,13693304832,334757888
210,1760276124401,3504,3504,3504,3504,3504,3504,3504,3504,3504,3504,3504,3504,84.87078094482422,81.73699951171875,77.21324157714844,77.60661315917969,81.47843933105469,76.00299835205078,76.32591247558594,83.28626251220703,85,77.2727279663086,85,80,70,66.66667175292969,85.71428680419922,85.71428680419922,85.71428680419922,76.19047546386719,89.47368621826172,90.90909576416016,42.75712203979492,34359738368,2147483648,13864747008,334757888
199,1760276124612,3504,3504,3504,3504,3504,3504,3504,3504,3504,3504,3504,3504,84.87078094482422,81.73699951171875,77.21324157714844,77.60661315917969,81.47843933105469,76.00299835205078,76.32591247558594,83.28626251220703,81.81818389892578,80,71.42857360839844,69.56521606445313,68.18181610107422,61.904762268066406,86.36363983154297,85.71428680419922,77.2727279663086,76.19047546386719,72.7272720336914,70,42.666316986083984,34359738368,2147483648,13775044608,334757888
201,1760276124811,3504,3504,3504,3504,3504,3504,3504,3504,3504,3504,3504,3504,84.87078094482422,81.73699951171875,77.21324157714844,77.60661315917969,81.47843933105469,76.00299835205078,76.32591247558594,83.28626251220703,75,70,71.42857360839844,78.94737243652344,76.19047546386719,68.42105102539063,89.47368621826172,89.47368621826172,89.47368621826172,80,75,78.94737243652344,42.666316986083984,34359738368,2147483648,13860651008,334757888
199,1760276125014,3504,3504,3504,3504,3504,3504,3504,3504,3504,3504,3504,3504,84.87078094482422,81.73699951171875,77.21324157714844,77.60661315917969,81.47843933105469,76.00299835205078,76.32591247558594,83.28626251220703,73.68421173095703,80,80,70,73.68421173095703,68.18181610107422,90.47618865966797,85.71428680419922,85,80,80.95238494873047,76.19047546386719,42.666316986083984,34359738368,2147483648,13783072768,334757888
209,1760276125214,3504,3504,3504,3504,3504,3504,3504,3504,3504,3504,3504,3504,86.46743774414063,83.46330261230469,78.66651916503906,78.95685577392578,83.12232971191406,77.30908203125,77.46034240722656,84.65013885498047,85,65,65,75,63.15789031982422,73.68421173095703,89.47368621826172,95,85,75,78.94737243652344,75,42.666316986083984,34359738368,2147483648,13859454976,334757888
209,1760276125424,3504,3504,3504,3504,3504,3504,3504,3504,3504,3504,3504,3504,86.46743774414063,83.46330261230469,78.66651916503906,78.95685577392578,83.12232971191406,77.30908203125,77.46034240722656,84.65013885498047,86.36363983154297,71.42857360839844,71.42857360839844,76.19047546386719,71.42857360839844,65,90.47618865966797,85.71428680419922,80.95238494873047,80,80.95238494873047,80.95238494873047,42.666316986083984,34359738368,2147483648,13812449280,334757888
4,1760276125634,3504,3504,3504,3504,3504,3504,3504,3504,3504,3504,3504,3504,86.46743774414063,83.46330261230469,78.66651916503906,78.95685577392578,83.12232971191406,77.30908203125,77.46034240722656,84.65013885498047,60.000003814697266,47.619049072265625,19.047618865966797,9.523809432983398,22.72727394104004,18.18181800842285,23.809524536132813,20,14.285715103149414,18.18181800842285,10,14.285715103149414,42.60887908935547,34359738368,2147483648,13674070016,334757888
